timestamp,x,y
1741709123534,639,446
1741709123560,677,476
1741709123595,630,442
1741709123628,636,454
1741709123661,565,413
1741709123693,563,408
1741709123727,560,420
1741709123758,446,375
1741709123793,261,282
1741709123829,494,407
1741709123859,397,347
1741709123896,397,347
1741709123928,401,340
1741709123961,473,381
1741709123995,361,312
1741709124029,343,312
1741709124062,358,327
1741709124095,222,236
1741709124133,482,375
1741709124159,350,303
1741709124195,348,310
1741709124227,281,266
1741709124261,273,273
1741709124295,352,315
1741709124332,154,231
1741709124362,280,282
1741709124395,428,359
1741709124428,208,251
1741709124462,343,319
1741709124495,376,327
1741709124528,413,347
1741709124564,474,390
1741709124595,451,378
1741709124628,468,390
1741709124661,472,383
1741709124695,411,357
1741709124728,430,374
1741709124762,453,370
1741709124795,410,337
1741709124829,401,339
1741709124857,611,429
1741709124894,585,411
1741709124928,520,365
1741709124961,505,354
1741709124994,520,365
1741709125025,524,368
1741709125058,492,345
1741709125095,503,353
1741709125128,511,359
1741709125160,513,360
1741709125192,531,372
1741709125228,527,370
1741709125261,515,361
1741709125295,495,348
1741709125328,524,367
1741709125362,508,357
1741709125395,490,344
1741709125427,495,348
1741709125461,482,338
1741709125494,511,359
1741709125528,480,337
1741709125559,477,335
1741709125592,460,323
1741709125628,467,328
1741709125661,470,330
1741709125691,433,304
1741709125724,424,298
1741709125758,423,297
1741709125793,475,333
1741709125827,474,333
1741709125861,478,336
1741709125895,483,339
1741709125928,559,392
1741709125961,599,420
1741709125991,572,402
1741709126028,618,434
1741709126061,603,423
1741709126093,606,425
1741709126128,638,448
1741709126161,654,459
1741709126195,641,450
1741709126228,637,447
1741709126261,632,444
1741709126294,665,467
1741709126327,662,465
1741709126361,656,461
1741709126395,675,474
1741709126425,663,465
1741709126462,660,463
1741709126491,646,454
1741709126528,657,461
1741709126562,663,465
1741709126595,662,465
1741709126626,666,467
1741709126659,668,469
1741709126695,684,480
1741709126728,247,179
1741709126760,238,173
1741709126790,243,176
1741709126827,265,201
1741709126859,251,189
1741709126894,271,209
1741709126929,230,181
1741709126963,277,213
1741709126995,270,204
1741709127028,253,194
1741709127062,263,218
1741709127095,260,217
1741709127127,292,234
1741709127160,258,221
1741709127191,281,227
1741709127229,303,242
1741709127260,259,223
1741709127295,291,232
1741709127328,313,245
1741709127362,270,216
1741709127395,298,237
1741709127428,283,227
1741709127461,289,225
1741709127495,276,224
1741709127528,256,220
1741709127561,275,225
1741709127590,243,201
1741709127628,216,197
1741709127660,284,238
1741709127693,311,249
1741709127726,227,315
1741709127747,202,268
1741709127778,223,311
1741709127813,235,277
1741709127845,276,263
1741709127878,274,268
1741709127910,251,254
1741709127942,245,261
1741709127977,247,270
1741709128012,267,290
1741709128044,295,403
1741709128076,284,402
1741709128111,257,396
1741709128141,262,395
1741709128177,341,417
1741709128209,316,402
1741709128245,292,393
1741709128278,318,401
1741709128312,278,384
1741709128343,294,394
1741709128378,391,429
1741709128409,368,420
1741709128445,381,428
1741709128477,346,416
1741709128511,361,424
1741709128544,359,415
1741709128578,348,418
1741709128610,413,428
1741709128645,393,427
1741709128678,385,420
1741709128711,368,419
1741709128743,638,448
1741709128775,633,444
1741709128811,623,437
1741709128842,625,439
1741709128877,633,444
1741709128911,625,438
1741709128945,629,441
1741709128974,640,449
1741709129009,624,438
1741709129044,645,453
1741709129073,625,438
1741709129094,621,436
1741709129127,618,434
1741709129162,554,389
1741709129194,533,374
1741709129228,516,362
1741709129262,457,320
1741709129293,488,343
1741709129328,488,342
1741709129362,489,343
1741709129394,501,351
1741709129428,537,376
1741709129461,509,357
1741709129495,525,368
1741709129527,483,339
1741709129560,530,372
1741709129595,503,353
1741709129628,514,360
1741709129661,517,363
1741709129690,510,358
1741709129717,511,358
1741709129745,488,342
1741709129776,520,365
1741709129809,484,339
1741709129845,486,341
1741709129878,511,358
1741709129910,497,349
1741709129943,519,364
1741709129977,515,361
1741709130012,577,405
1741709130044,555,390
1741709130080,589,413
1741709130108,634,445
1741709130142,617,433
1741709130175,627,440
1741709130210,609,427
1741709130243,594,417
1741709130277,576,405
1741709130312,602,422
1741709130344,547,384
1741709130378,596,418
1741709130411,591,414
1741709130445,624,438
1741709130475,595,418
1741709130511,548,384
1741709130547,546,383
1741709130578,471,331
1741709130610,491,345
1741709130644,479,336
1741709130677,545,382
1741709130711,542,380
1741709130744,536,376
1741709130777,541,380
1741709130817,534,375
1741709130845,585,411
1741709130878,540,379
1741709130912,511,359
1741709130943,548,385
1741709130977,519,364
1741709131011,546,383
1741709131045,564,396
1741709131078,504,354
1741709131110,545,382
1741709131143,503,353
1741709131179,518,364
1741709131212,510,358
1741709131244,481,338
1741709131278,499,350
1741709131312,524,368
1741709131345,573,402
1741709131379,571,400
1741709131410,610,428
1741709131445,634,445
1741709131474,633,444
1741709131512,630,442
1741709131544,617,433
1741709131578,636,446
1741709131611,642,450
1741709131645,611,429
1741709131678,612,430
1741709131710,579,407
1741709131741,595,417
1741709131777,608,427
1741709131809,614,431
1741709131845,620,435
1741709131877,605,425
1741709131909,621,436
1741709131945,595,417
1741709131976,401,276
1741709132010,369,252
1741709132042,371,254
1741709132078,346,236
1741709132111,361,247
1741709132144,372,254
1741709132177,333,226
1741709132212,394,270
1741709132245,369,252
1741709132278,348,237
1741709132311,393,270
1741709132344,433,299
1741709132378,456,316
1741709132410,509,354
1741709132444,499,346
1741709132475,520,361
1741709132511,430,296
1741709132544,449,310
1741709132577,535,372
1741709132612,499,346
1741709132645,487,337
1741709132678,558,389
1741709132710,506,350
1741709132745,522,362
1741709132777,566,394
1741709132812,532,370
1741709132844,543,378
1741709132878,570,398
1741709132912,542,377
1741709132944,536,372
1741709132978,626,439
1741709133011,646,453
1741709133045,637,447
1741709133077,633,444
1741709133110,639,448
1741709133145,632,444
1741709133179,626,439
1741709133211,662,465
1741709133244,639,449
1741709133276,617,433
1741709133313,601,422
1741709133343,604,424
1741709133377,625,439
1741709133409,610,428
1741709133445,630,442
1741709133475,619,435
1741709133511,627,440
1741709133545,623,437
1741709133578,638,448
1741709133611,642,451
1741709133641,624,438
1741709133675,614,431
1741709133711,648,455
1741709133745,623,437
1741709133777,626,439
1741709133808,620,435
1741709133845,643,451
1741709133877,640,449
1741709133911,634,445
1741709133945,629,441
1741709133980,601,422
1741709134010,635,445
1741709134044,644,452
1741709134078,627,440
1741709134110,612,430
1741709134142,647,454
1741709134178,631,443
1741709134211,619,435
1741709134245,623,437
1741709134277,621,435
1741709134311,633,444
1741709134345,632,444
1741709134379,640,449
1741709134411,646,453
1741709134443,629,441
1741709134480,645,453
1741709134512,659,462
1741709134543,642,450
1741709134577,650,456
1741709134610,652,458
1741709134645,643,451
1741709134677,628,441
1741709134710,639,449
1741709134744,657,461
1741709134778,631,443
1741709134808,628,441
1741709134845,650,456
1741709134878,644,452
1741709134912,635,446
1741709134944,647,454
1741709134975,645,453
1741709135011,648,455
1741709135044,655,459
1741709135078,654,459
1741709135109,667,468
1741709135141,651,457
1741709135178,651,457
1741709135211,654,459
1741709135245,641,450
1741709135278,647,454
1741709135312,651,457
1741709135345,656,460
1741709135376,650,456
1741709135409,642,450
1741709135445,654,459
1741709135478,640,449
1741709135510,633,444
1741709135540,647,454
1741709135562,642,451
1741709135593,641,450
1741709135626,636,446
1741709135662,644,452
1741709135694,626,440
1741709135727,638,447
1741709135761,660,463
1741709135796,657,461
1741709135824,648,455
1741709135861,654,459
1741709135894,651,457
1741709135926,648,455
1741709135958,644,452
1741709135995,637,447
1741709136027,640,449
1741709136060,644,452
1741709136095,629,442
1741709136125,626,440
1741709136161,618,434
1741709136194,640,449
1741709136228,636,446
1741709136261,636,446
1741709136294,643,451
1741709136328,643,451
1741709136362,609,427
1741709136395,556,390
1741709136427,552,387
1741709136460,589,413
1741709136495,611,429
1741709136527,637,447
1741709136561,633,444
1741709136593,613,430
1741709136624,611,429
1741709136661,620,435
1741709136694,628,441
1741709136724,646,453
1741709136761,610,428
1741709136790,632,443
1741709136828,630,442
1741709136860,626,439
1741709136895,635,446
1741709136928,649,455
1741709136961,634,445
1741709136995,635,446
1741709137028,629,441
1741709137061,638,448
1741709137093,651,457
1741709137125,666,467
1741709137161,651,457
1741709137195,639,448
1741709137227,641,450
1741709137259,642,450
1741709137292,649,456
1741709137327,640,449
1741709137361,644,452
1741709137395,644,452
1741709137428,646,453
1741709137459,636,446
1741709137494,640,449
1741709137527,635,446
1741709137562,646,453
1741709137590,646,453
1741709137612,646,453
1741709137643,639,448
1741709137676,639,448
1741709137712,663,465
1741709137743,654,459
1741709137775,649,455
1741709137811,642,451
1741709137844,627,440
1741709137878,622,436
1741709137910,602,422
1741709137942,629,441
1741709137978,621,436
1741709138010,615,432
1741709138043,625,439
1741709138077,606,426
1741709138109,611,429
1741709138142,616,432
1741709138177,616,432
1741709138211,609,427
1741709138244,612,429
1741709138274,610,428
1741709138311,596,418
1741709138345,596,418
1741709138377,660,463
1741709138413,666,467
1741709138441,642,451
1741709138477,642,451
1741709138510,631,443
1741709138544,644,452
1741709138577,647,454
1741709138613,638,448
1741709138644,652,458
1741709138677,635,446
1741709138709,640,449
1741709138741,622,437
1741709138776,280,158
1741709138809,278,157
1741709138843,266,147
1741709138875,276,154
1741709138912,257,140
1741709138943,249,133
1741709138974,265,146
1741709139013,309,181
1741709139045,309,180
1741709139078,318,187
1741709139108,316,185
1741709139142,324,192
1741709139177,281,159
1741709139208,283,161
1741709139243,290,167
1741709139275,262,145
1741709139312,298,171
1741709139341,275,154
1741709139376,273,151
1741709139411,243,129
1741709139441,253,137
1741709139478,257,140
1741709139510,257,139
1741709139543,275,154
1741709139578,289,164
1741709139611,232,121
1741709139645,261,142
1741709139674,251,134
1741709139711,262,145
1741709139742,297,170
1741709139775,641,450
1741709139810,649,455
1741709139845,655,460
1741709139878,651,457
1741709139909,649,455
1741709139945,642,450
1741709139978,648,455
1741709140011,650,456
1741709140042,639,448
1741709140077,649,455
1741709140111,641,450
1741709140143,649,455
1741709140177,651,457
1741709140210,628,441
1741709140245,651,457
1741709140274,648,454
1741709140310,645,453
1741709140346,648,455
1741709140377,650,456
1741709140409,640,449
1741709140442,644,452
1741709140478,641,450
1741709140511,635,446
1741709140543,645,453
1741709140575,658,461
1741709140609,646,453
1741709140646,652,457
1741709140678,644,452
1741709140711,638,448
1741709140744,647,454
1741709140778,639,449
1741709140810,635,445
1741709140845,639,448
1741709140878,634,445
1741709140912,644,452
1741709140946,643,451
1741709140978,648,455
1741709141011,656,460
1741709141043,649,455
1741709141078,652,457
1741709141112,649,456
1741709141144,650,456
1741709141172,660,463
1741709141194,648,455
1741709141227,627,440
1741709141260,660,463
1741709141296,657,461
1741709141327,626,439
1741709141360,626,439
1741709141391,613,430
1741709141428,614,431
1741709141461,593,416
1741709141494,554,389
1741709141524,551,387
1741709141562,551,387
1741709141593,555,390
1741709141627,547,384
1741709141662,539,378
1741709141695,550,386
1741709141725,543,381
1741709141760,559,392
1741709141792,559,392
1741709141827,564,396
1741709141862,571,401
1741709141894,565,397
1741709141928,570,400
1741709141961,568,399
1741709141993,579,406
1741709142024,569,400
1741709142058,570,400
1741709142095,569,400
1741709142128,568,399
1741709142158,570,400
1741709142192,581,407
1741709142228,574,403
1741709142260,576,405
1741709142294,572,401
1741709142328,571,401
1741709142358,574,403
1741709142393,583,409
1741709142426,564,396
1741709142458,573,402
1741709142495,620,435
1741709142527,645,453
1741709142561,628,441
1741709142595,629,441
1741709142629,630,442
1741709142660,629,441
1741709142692,634,445
1741709142734,630,442
1741709142761,616,432
1741709142794,623,437
1741709142823,630,442
1741709142844,635,445
1741709142878,620,435
1741709142912,631,443
1741709142945,623,437
1741709142978,629,441
1741709143010,634,445
1741709143046,644,452
1741709143078,638,448
1741709143111,263,435
1741709143145,276,431
1741709143178,333,433
1741709143208,280,434
1741709143243,242,428
1741709143278,249,429
1741709143312,249,429
1741709143344,282,441
1741709143378,269,433
1741709143412,306,446
1741709143445,316,435
1741709143476,361,440
1741709143509,499,417
1741709143542,489,424
1741709143578,479,430
1741709143611,481,421
1741709143643,485,411
1741709143675,482,418
1741709143711,541,439
1741709143744,505,424
1741709143775,480,423
1741709143811,484,409
1741709143845,504,402
1741709143878,480,399
1741709143911,505,401
1741709143945,505,413
1741709143982,499,404
1741709144011,520,426
1741709144044,511,416
1741709144078,498,402
1741709144111,604,424
1741709144143,592,415
1741709144175,603,423
1741709144212,589,413
1741709144244,580,407
1741709144278,602,423
1741709144310,613,430
1741709144343,312,427
1741709144379,322,429
1741709144409,313,424
1741709144445,325,437
1741709144478,314,437
1741709144512,287,424
1741709144544,349,441
1741709144581,330,420
1741709144609,315,434
1741709144645,362,436
1741709144677,329,442
1741709144710,353,444
1741709144746,379,446
1741709144778,323,431
1741709144811,388,454
1741709144844,356,449
1741709144878,348,449
1741709144912,356,449
1741709144944,355,440
1741709144978,374,449
1741709145010,393,445
1741709145043,402,451
1741709145075,376,447
1741709145111,386,444
1741709145145,401,465
1741709145178,359,440
1741709145211,347,418
1741709145242,332,425
1741709145275,372,429
1741709145312,366,427
1741709145344,620,435
1741709145377,628,441
1741709145410,635,445
1741709145444,634,445
1741709145478,627,440
1741709145508,627,440
1741709145541,640,449
1741709145580,630,442
1741709145611,632,443
1741709145642,633,445
1741709145674,645,453
1741709145711,627,440
1741709145740,635,445
1741709145778,623,437
1741709145811,641,449
1741709145844,654,459
1741709145878,646,453
1741709145908,650,456
1741709145944,656,460
1741709145978,650,456
1741709146011,640,449
1741709146042,662,464
1741709146076,642,450
1741709146111,647,454
1741709146145,649,455
1741709146180,649,455
1741709146209,637,447
1741709146244,619,434
1741709146278,654,459
1741709146308,632,444
1741709146345,657,461
1741709146378,664,466
1741709146408,651,457
1741709146441,662,464
1741709146478,659,463
1741709146510,664,466
1741709146543,649,455
1741709146579,642,450
1741709146612,655,460
1741709146643,650,456
1741709146677,646,453
1741709146710,654,459
1741709146744,656,460
1741709146777,663,465
1741709146810,673,473
1741709146844,654,459
1741709146876,657,461
1741709146910,660,463
1741709146944,647,454
1741709146974,638,448
1741709147008,645,452
1741709147045,641,450
1741709147075,646,454
1741709147113,644,452
1741709147144,652,458
1741709147178,645,453
1741709147211,639,448
1741709147243,651,457
1741709147278,647,454
1741709147311,653,458
1741709147344,640,449
1741709147377,644,452
1741709147412,657,461
1741709147445,653,459
1741709147478,650,456
1741709147511,644,452
1741709147544,647,454
1741709147578,651,457
1741709147611,646,454
1741709147644,660,463
1741709147679,636,446
1741709147712,641,450
1741709147745,652,458
1741709147778,666,467
1741709147811,666,467
1741709147844,653,458
1741709147878,640,449
1741709147912,644,452
1741709147945,655,460
1741709147978,662,465
1741709148011,648,455
1741709148044,637,447
1741709148077,642,450
1741709148111,613,430
1741709148144,604,424
1741709148178,585,410
1741709148212,606,425
1741709148245,600,421
1741709148278,584,410
1741709148311,586,411
1741709148345,617,433
1741709148377,576,404
1741709148410,602,423
1741709148444,623,437
1741709148479,635,445
1741709148511,622,437
1741709148544,605,425
1741709148577,587,412
1741709148611,610,428
1741709148645,601,422
1741709148677,574,403
1741709148711,550,386
1741709148745,567,398
1741709148778,544,382
1741709148810,524,368
1741709148844,498,350
1741709148877,509,357
1741709148911,485,340
1741709148943,514,361
1741709148978,500,351
1741709149012,504,354
1741709149045,526,369
1741709149078,507,356
1741709149110,508,356
1741709149144,497,349
1741709149178,499,350
1741709149211,502,352
1741709149244,480,337
1741709149278,493,346
1741709149312,504,354
1741709149343,559,392
1741709149377,568,399
1741709149412,388,345
1741709149445,478,390
1741709149477,434,364
1741709149511,453,371
1741709149544,459,381
1741709149576,435,367
1741709149611,403,350
1741709149643,411,352
1741709149679,472,386
1741709149711,468,386
1741709149744,455,375
1741709149778,474,366
1741709149811,499,347
1741709149845,496,343
1741709149877,511,354
1741709149914,527,360
1741709149945,515,353
1741709149977,555,375
1741709150010,557,377
1741709150044,613,430
1741709150075,563,406
1741709150111,581,412
1741709150145,538,393
1741709150176,583,425
1741709150211,386,350
1741709150241,344,322
1741709150276,395,367
1741709150309,423,389
1741709150344,444,393
1741709150376,443,424
1741709150410,466,427
1741709150443,450,412
1741709150475,414,397
1741709150512,434,405
1741709150544,474,421
1741709150574,434,408
1741709150611,484,431
1741709150645,440,421
1741709150678,518,446
1741709150710,488,443
1741709150744,569,469
1741709150777,485,427
1741709150812,616,448
1741709150844,584,377
1741709150877,573,380
1741709150911,650,387
1741709150944,593,378
1741709150978,577,368
1741709151010,601,301
1741709151046,653,349
1741709151077,633,324
1741709151111,569,270
1741709151143,573,351
1741709151179,560,348
1741709151211,638,312
1741709151244,659,337
1741709151279,658,333
1741709151312,629,345
1741709151343,555,318
1741709151378,582,328
1741709151410,593,313
1741709151445,555,301
1741709151477,593,317
1741709151511,675,330
1741709151544,607,304
1741709151577,628,321
1741709151611,637,315
1741709151643,628,328
1741709151678,665,321
1741709151709,627,311
1741709151744,659,338
1741709151779,698,345
1741709151811,652,340
1741709151845,663,329
1741709151877,644,333
1741709151910,661,330
1741709151944,607,296
1741709151976,761,369
1741709152011,681,341
1741709152042,688,366
1741709152075,719,389
1741709152110,718,406
1741709152143,715,449
1741709152178,674,422
1741709152210,707,433
1741709152243,628,422
1741709152278,631,405
1741709152312,644,406
1741709152345,596,403
1741709152377,616,439
1741709152411,682,414
1741709152444,682,385
1741709152479,709,401
1741709152509,709,420
1741709152544,805,400
1741709152576,734,391
1741709152612,710,416
1741709152644,749,435
1741709152677,751,392
1741709152712,821,453
1741709152745,766,445
1741709152777,810,471
1741709152811,838,475
1741709152844,772,478
1741709152879,740,478
1741709152912,752,470
1741709152944,814,451
1741709152978,829,434
1741709153012,829,444
1741709153045,834,437
1741709153078,852,448
1741709153112,845,463
1741709153143,860,458
1741709153177,856,452
1741709153210,882,423
1741709153243,915,386
1741709153278,873,382
1741709153312,865,369
1741709153344,853,394
1741709153376,921,399
1741709153411,925,452
1741709153447,886,358
1741709153477,929,403
1741709153512,916,422
1741709153545,908,395
1741709153575,839,486
1741709153611,898,398
1741709153643,787,394
1741709153676,893,392
1741709153711,890,358
1741709153744,910,429
1741709153776,913,425
1741709153811,905,417
1741709153845,878,423
1741709153878,915,410
1741709153910,897,423
1741709153942,862,384
1741709153978,886,396
1741709154010,884,380
1741709154045,960,384
1741709154079,960,378
1741709154111,915,365
1741709154143,903,357
1741709154176,921,374
1741709154212,943,373
1741709154244,854,387
1741709154278,893,371
1741709154311,971,373
1741709154344,931,370
1741709154367,905,352
1741709154400,932,379
1741709154435,916,358
1741709154467,914,389
1741709154494,923,411
1741709154527,773,419
1741709154561,901,447
1741709154594,909,453
1741709154626,933,465
1741709154660,998,499
1741709154695,973,501
1741709154725,993,501
1741709154759,993,494
1741709154794,1015,503
1741709154828,1016,510
1741709154861,983,498
1741709154892,1067,519
1741709154927,1025,502
1741709154959,1063,530
1741709154994,1073,525
1741709155027,1114,585
1741709155061,1100,586
1741709155093,1107,564
1741709155126,1112,610
1741709155162,1113,621
1741709155192,1099,630
1741709155227,1089,616
1741709155259,981,579
1741709155294,1031,647
1741709155328,1036,664
1741709155362,1122,628
1741709155392,1157,645
1741709155428,1238,649
1741709155463,1180,650
1741709155492,1206,645
1741709155524,1224,652
1741709155565,1118,602
1741709155594,1194,627
1741709155627,1206,633
1741709155662,1119,610
1741709155696,1207,621
1741709155724,1172,611
1741709155760,1198,618
1741709155794,1154,623
1741709155829,1174,611
1741709155864,1173,625
1741709155895,1150,616
1741709155929,1157,618
1741709155961,1066,597
1741709155995,996,573
1741709156027,1059,605
1741709156062,992,569
1741709156095,1089,609
1741709156128,1094,607
1741709156161,1142,626
1741709156191,1039,595
1741709156226,1026,588
1741709156260,1178,646
1741709156294,1186,644
1741709156326,1182,639
1741709156361,1038,586
1741709156393,1215,658
1741709156427,940,578
1741709156461,963,586
1741709156494,1048,608
1741709156529,808,523
1741709156560,804,508
1741709156595,832,535
1741709156629,752,498
1741709156661,874,538
1741709156693,754,503
1741709156727,770,513
1741709156759,806,516
1741709156792,647,470
1741709156826,744,508
1741709156859,685,495
1741709156895,769,521
1741709156928,565,458
1741709156960,651,476
1741709156996,607,461
1741709157027,686,477
1741709157062,664,464
1741709157095,728,499
1741709157128,701,485
1741709157161,707,496
1741709157194,670,453
1741709157229,684,485
1741709157261,723,490
1741709157292,718,484
1741709157326,714,475
1741709157359,730,489
1741709157394,692,463
1741709157429,697,452
1741709157461,684,450
1741709157494,730,465
1741709157526,684,445
1741709157560,733,460
1741709157594,702,457
1741709157629,741,463
1741709157659,767,482
1741709157691,776,490
1741709157726,675,451
1741709157762,736,464
1741709157793,727,468
1741709157826,698,456
1741709157861,668,447
1741709157893,698,468
1741709157928,685,471
1741709157961,644,462
1741709157994,723,480
1741709158028,722,476
1741709158060,713,487
1741709158095,683,480
1741709158127,681,461
1741709158160,715,479
1741709158194,699,492
1741709158228,658,492
1741709158261,691,495
1741709158294,628,488
1741709158327,710,486
1741709158362,697,511
1741709158394,692,492
1741709158428,741,514
1741709158461,587,488
1741709158496,510,465
1741709158528,547,489
1741709158560,539,484
1741709158595,549,493
1741709158629,636,510
1741709158661,604,502
1741709158695,572,512
1741709158727,655,525
1741709158762,569,481
1741709158794,618,530
1741709158825,572,508
1741709158861,624,512
1741709158895,604,513
1741709158927,581,514
1741709158960,573,504
1741709158995,579,504
1741709159029,538,501
1741709159060,533,494
1741709159095,545,504
1741709159126,567,503
1741709159162,583,517
1741709159195,555,495
1741709159227,562,496
1741709159261,617,516
1741709159295,612,515
1741709159328,581,505
1741709159362,595,518
1741709159395,565,510
1741709159429,607,524
1741709159461,583,512
1741709159494,594,515
1741709159526,608,512
1741709159562,613,525
1741709159595,617,525
1741709159627,529,492
1741709159659,556,501
1741709159695,644,545
1741709159727,617,548
1741709159763,575,526
1741709159795,633,532
1741709159829,555,500
1741709159862,560,504
1741709159893,583,512
1741709159924,574,514
1741709159961,587,510
1741709159992,587,514
1741709160027,618,520
1741709160060,616,506
1741709160094,560,499
1741709160128,643,505
1741709160160,556,494
1741709160193,615,499
1741709160227,588,500
1741709160261,620,494
1741709160293,606,476
1741709160325,705,518
1741709160361,671,474
1741709160395,607,488
1741709160427,664,493
1741709160460,653,491
1741709160494,638,498
1741709160525,682,519
1741709160565,693,498
1741709160592,656,498
1741709160628,635,496
1741709160662,649,495
1741709160683,714,513
1741709160715,707,502
1741709160749,716,518
1741709160784,765,537
1741709160810,735,514
1741709160841,668,499
1741709160878,646,501
1741709160912,700,520
1741709160944,711,508
1741709160976,722,511
1741709161011,721,517
1741709161044,775,491
1741709161077,737,516
1741709161111,809,497
1741709161143,770,495
1741709161177,775,470
1741709161210,854,504
1741709161245,872,506
1741709161276,847,509
1741709161311,920,523
1741709161344,965,522
1741709161376,913,507
1741709161409,860,488
1741709161444,897,501
1741709161478,947,517
1741709161509,946,520
1741709161546,919,514
1741709161576,1046,574
1741709161609,894,527
1741709161643,998,576
1741709161678,1043,569
1741709161711,1047,561
1741709161744,988,531
1741709161778,996,532
1741709161812,961,517
1741709161845,1121,585
1741709161881,1051,562
1741709161911,1121,589
1741709161945,1104,590
1741709161979,1058,563
1741709162011,1110,582
1741709162045,1049,567
1741709162078,1060,575
1741709162111,1077,578
1741709162146,1086,581
1741709162179,1043,569
1741709162209,1127,626
1741709162244,1146,610
1741709162276,1086,561
1741709162310,1125,619
1741709162346,1107,608
1741709162377,1116,614
1741709162411,1127,619
1741709162444,1117,617
1741709162479,1104,619
1741709162511,1132,620
1741709162544,1133,617
1741709162577,1122,612
1741709162609,1168,631
1741709162645,1136,628
1741709162678,1219,649
1741709162711,1202,639
1741709162745,1152,621
1741709162777,1175,630
1741709162810,1161,634
1741709162845,1243,659
1741709162877,1220,659
1741709162911,1130,570
1741709162943,1181,614
1741709162977,1115,547
1741709163012,1086,461
1741709163044,1092,446
1741709163079,1123,462
1741709163111,1118,449
1741709163143,1059,401
1741709163177,1109,401
1741709163210,1146,435
1741709163245,1128,427
1741709163276,1054,399
1741709163311,1012,240
1741709163345,1068,268
1741709163378,1073,251
1741709163409,1040,227
1741709163441,1062,278
1741709163475,1066,252
1741709163508,979,509
1741709163542,1021,252
1741709163579,961,151
1741709163611,981,249
1741709163643,1042,274
1741709163679,995,275
1741709163711,1024,232
1741709163744,1040,290
1741709163779,1024,231
1741709163811,1054,255
1741709163844,1065,243
1741709163877,1017,247
1741709163911,1119,344
1741709163945,1117,300
1741709163977,1062,273
1741709164019,1068,273
1741709164044,1072,269
1741709164078,1103,242
1741709164112,1074,267
1741709164144,1083,267
1741709164179,1060,233
1741709164212,786,255
1741709164244,796,303
1741709164278,761,308
1741709164309,1057,417
1741709164345,1088,437
1741709164379,698,284
1741709164410,823,352
1741709164445,902,486
1741709164478,670,341
1741709164512,759,381
1741709164543,589,338
1741709164577,613,304
1741709164612,727,336
1741709164644,692,409
1741709164677,562,430
1741709164712,607,369
1741709164746,625,388
1741709164776,628,486
1741709164808,602,430
1741709164844,644,515
1741709164878,723,510
1741709164911,691,510
1741709164944,706,450
1741709164974,688,429
1741709165011,633,478
1741709165043,561,413
1741709165078,513,445
1741709165112,603,420
1741709165140,677,403
1741709165176,675,448
1741709165211,638,350
1741709165242,561,341
1741709165278,473,396
1741709165308,717,361
1741709165344,544,283
1741709165378,677,386
1741709165411,402,240
1741709165445,433,307
1741709165473,456,369
1741709165498,622,422
1741709165529,471,423
1741709165562,597,396
1741709165594,564,368
1741709165627,831,469
1741709165661,877,303
1741709165694,852,160
1741709165728,753,245
1741709165759,903,141
1741709165795,680,-47
1741709165828,889,96
1741709165860,987,125
1741709165894,824,43
1741709165927,815,53
1741709165960,856,73
1741709165992,901,22
1741709166053,925,34
1741709166082,886,28
1741709166129,952,87
1741709166154,978,164
1741709166178,940,38
1741709166208,894,36
1741709166244,782,9
1741709166278,781,-13
1741709166311,874,70
1741709166345,847,46
1741709166377,986,88
1741709166412,834,54
1741709166445,881,140
1741709166476,898,78
1741709166512,804,204
1741709166544,782,200
1741709166576,697,178
1741709166611,882,145
1741709166644,740,239
1741709166677,842,240
1741709166709,646,213
1741709166744,701,176
1741709166777,670,127
1741709166807,722,144
1741709166842,509,232
1741709166876,575,298
1741709166909,770,392
1741709166944,514,278
1741709166979,508,294
1741709167011,622,239
1741709167045,724,342
1741709167076,556,314
1741709167110,638,306
1741709167144,571,378
1741709167178,689,525
1741709167216,480,424
1741709167244,541,322
1741709167278,591,352
1741709167312,518,404
1741709167344,614,355
1741709167384,542,414
1741709167411,705,340
1741709167444,645,426
1741709167478,553,399
1741709167511,606,479
1741709167534,600,418
1741709167560,568,433
1741709167594,814,498
1741709167628,906,488
1741709167661,900,428
1741709167695,1012,560
1741709167726,658,354
1741709167759,784,414
1741709167795,641,356
1741709167827,701,328
1741709167861,706,361
1741709167893,746,310
1741709167926,748,374
1741709167961,803,419
1741709167995,840,262
1741709168027,936,61
1741709168062,671,328
1741709168094,742,187
1741709168125,816,177
1741709168160,659,220
1741709168191,633,242
1741709168233,617,182
1741709168259,694,280
1741709168295,570,309
1741709168327,694,258
1741709168360,762,238
1741709168393,582,264
1741709168426,499,334
1741709168460,625,215
1741709168494,548,267
1741709168528,547,244
1741709168560,594,270
1741709168591,583,222
1741709168627,632,352
1741709168660,826,357
1741709168694,599,393
1741709168725,414,433
1741709168762,587,229
1741709168794,528,370
1741709168828,529,330
1741709168861,478,328
1741709168894,400,361
1741709168925,553,350
1741709168961,512,426
1741709168993,424,330
1741709169026,478,434
1741709169059,525,487
1741709169094,468,370
1741709169123,448,338
1741709169147,345,402
1741709169177,345,402
1741709169211,320,394
1741709169243,351,485
1741709169273,322,414
1741709169297,401,365
1741709169324,438,263
1741709169360,451,364
1741709169395,583,372
1741709169429,391,371
1741709169459,417,361
1741709169494,365,379
1741709169528,470,374
1741709169561,365,408
1741709169593,455,325
1741709169626,414,342
1741709169660,620,344
1741709169693,571,347
1741709169727,630,277
1741709169761,582,358
1741709169790,469,365
1741709169814,353,446
1741709169846,353,446
1741709169878,410,407
1741709169909,368,349
1741709169945,283,292
1741709169979,340,421
1741709170011,244,382
1741709170045,238,375
1741709170078,336,321
1741709170111,465,335
1741709170142,399,343
1741709170178,402,309
1741709170211,424,407
1741709170243,515,323
1741709170281,287,288
1741709170319,443,413
1741709170342,454,391
1741709170378,433,319
1741709170409,338,349
1741709170443,257,318
1741709170475,401,391
1741709170511,623,458
1741709170545,623,458
1741709170576,839,334
1741709170609,741,427
1741709170643,740,389
1741709170678,493,510
1741709170710,383,483
1741709170742,456,500
1741709170777,521,477
1741709170808,538,477
1741709170845,666,443
1741709170878,551,441
1741709170908,480,439
1741709170944,453,500
1741709170976,703,501
1741709171010,554,571
1741709171044,591,597
1741709171078,662,602
1741709171111,625,634
1741709171145,563,566
1741709171176,732,613
1741709171212,749,617
1741709171243,689,585
1741709171279,603,641
1741709171311,800,602
1741709171343,744,582
1741709171376,837,514
1741709171410,833,648
1741709171445,833,648
1741709171476,1000,736
1741709171506,966,487
1741709171528,733,213
1741709171559,866,522
1741709171593,913,468
1741709171625,891,401
1741709171660,981,414
1741709171693,880,419
1741709171729,864,395
1741709171761,877,408
1741709171791,930,403
1741709171813,889,478
1741709171844,897,415
1741709171876,882,459
1741709171909,733,569
1741709171945,806,564
1741709171980,770,594
1741709172010,765,592
1741709172042,747,593
1741709172077,652,563
1741709172111,706,504
1741709172143,690,473
1741709172179,761,576
1741709172210,668,523
1741709172246,651,590
1741709172277,757,470
1741709172310,661,528
1741709172345,672,517
1741709172378,506,599
1741709172416,676,498
1741709172445,497,387
1741709172479,497,387
1741709172510,465,223
1741709172545,553,312
1741709172575,485,373
1741709172611,503,327
1741709172644,675,414
1741709172677,204,234
1741709172715,437,427
1741709172744,191,173
1741709172779,192,234
1741709172809,491,394
1741709172842,320,272
1741709172877,211,122
1741709172911,211,122
1741709172942,385,217
1741709172980,419,220
1741709173010,162,192
1741709173043,250,222
1741709173076,305,132
1741709173109,204,131
1741709173141,312,168
1741709173177,346,282
1741709173211,241,181
1741709173241,215,198
1741709173277,291,127
1741709173312,325,279
1741709173344,327,314
1741709173375,398,335
1741709173412,382,218
1741709173445,95,129
1741709173478,248,194
1741709173511,254,108
1741709173544,253,187
1741709173578,262,177
1741709173611,301,48
1741709173644,193,36
1741709173678,240,257
1741709173711,398,144
1741709173745,215,141
1741709173777,427,189
1741709173812,364,175
1741709173845,543,306
1741709173879,531,275
1741709173912,554,178
1741709173945,438,80
1741709173976,258,29
1741709174010,100,-54
1741709174048,332,96
1741709174082,266,141
1741709174112,300,158
1741709174145,183,34
1741709174177,221,1
1741709174212,217,114
1741709174244,192,-83
1741709174277,444,204
1741709174310,323,100
1741709174343,244,97
1741709174376,72,85
1741709174412,51,92
1741709174443,142,-29
1741709174475,189,-6
1741709174510,54,30
1741709174543,121,85
1741709174577,209,75
1741709174610,428,142
1741709174644,236,51
1741709174677,260,101
1741709174708,97,23
1741709174745,198,25
1741709174777,172,172
1741709174810,196,134
1741709174844,-23,-57
1741709174875,376,126
1741709174913,141,56
1741709174943,302,130
1741709174977,-7,-39
1741709175010,258,-10
1741709175045,194,3
1741709175076,374,119
1741709175116,249,78
1741709175145,556,214
1741709175177,595,312
1741709175209,467,122
1741709175243,704,295
1741709175274,558,138
1741709175310,662,250
1741709175344,562,214
1741709175378,774,369
1741709175410,804,365
1741709175445,861,248
1741709175477,911,277
1741709175511,766,273
1741709175542,766,273
1741709175577,709,327
1741709175611,786,323
1741709175645,786,323
1741709175677,583,197
1741709175711,574,264
1741709175744,574,276
1741709175775,570,229
1741709175812,398,125
1741709175845,561,223
1741709175878,646,265
1741709175912,694,352
1741709175943,664,213
1741709175978,579,297
1741709176012,687,314
1741709176043,691,328
1741709176078,708,304
1741709176111,886,326
1741709176144,703,261
1741709176176,547,352
1741709176210,552,209
1741709176245,637,194
1741709176275,710,236
1741709176310,818,270
1741709176345,743,185
1741709176378,743,185
1741709176409,621,190
1741709176444,693,263
1741709176476,693,263
1741709176511,701,271
1741709176542,652,289
1741709176578,677,244
1741709176610,849,313
1741709176644,867,320
1741709176675,867,320
1741709176712,927,306
1741709176743,927,306
1741709176777,840,353
1741709176812,840,353
1741709176843,824,284
1741709176878,755,270
1741709176910,939,411
1741709176944,904,297
1741709176976,907,346
1741709177012,905,354
1741709177045,905,364
1741709177079,597,382
1741709177110,821,462
1741709177145,464,308
1741709177178,932,537
1741709177210,736,382
1741709177250,882,451
1741709177278,1003,460
1741709177311,780,533
1741709177350,642,454
1741709177377,646,451
1741709177411,662,525
1741709177444,554,476
1741709177476,644,528
1741709177511,677,546
1741709177545,1028,515
1741709177578,1037,454
1741709177611,1069,477
1741709177645,998,423
1741709177679,979,436
1741709177711,988,449
1741709177744,1139,448
1741709177781,1030,444
1741709177809,1051,415
1741709177844,881,528
1741709177878,720,577
1741709177910,700,560
1741709177945,807,555
1741709177977,723,671
1741709178010,787,631
1741709178043,802,436
1741709178079,876,408
1741709178111,864,541
1741709178144,772,440
1741709178177,752,475
1741709178210,775,414
1741709178245,862,444
1741709178277,1085,342
1741709178310,1048,381
1741709178343,1071,316
1741709178377,1086,356
1741709178412,680,215
1741709178444,816,369
1741709178476,683,244
1741709178511,884,355
1741709178543,772,349
1741709178575,858,448
1741709178608,800,419
1741709178645,861,471
1741709178675,848,373
1741709178712,806,293
1741709178744,780,428
1741709178776,805,384
1741709178810,991,221
1741709178844,876,268
1741709178878,1227,384
1741709178910,1024,234
1741709178944,792,413
1741709178974,1027,573
1741709179011,1120,531
1741709179045,1228,487
1741709179078,1028,399
1741709179110,938,427
1741709179144,1157,436
1741709179177,1144,392
1741709179211,1084,515
1741709179246,1070,446
1741709179277,1069,521
1741709179311,1040,455
1741709179345,1020,443
1741709179378,1075,517
1741709179411,1089,516
1741709179443,945,507
1741709179478,1070,491
1741709179512,1086,499
1741709179542,752,382
1741709179576,1158,518
1741709179611,908,451
1741709179645,1128,524
1741709179677,1077,486
1741709179712,989,420
1741709179746,917,392
1741709179776,856,369
1741709179811,1174,534
1741709179844,1062,482
1741709179876,1067,456
1741709179912,1015,429
1741709179944,1022,567
1741709179977,822,484
1741709180011,665,399
1741709180046,1220,583
1741709180078,878,405
1741709180110,907,422
1741709180145,780,473
1741709180178,638,482
1741709180211,574,375
1741709180243,524,424
1741709180277,466,442
1741709180312,328,449
1741709180346,578,546
1741709180378,533,508
1741709180410,617,650
1741709180442,608,663
1741709180477,641,460
1741709180511,550,536
1741709180545,680,578
1741709180577,692,568
1741709180611,471,513
1741709180644,393,614
1741709180678,437,616
1741709180710,456,434
1741709180747,571,770
1741709180778,505,549
1741709180810,544,626
1741709180843,635,556
1741709180879,527,643
1741709180910,633,576
1741709180940,662,722
1741709180965,708,606
1741709180993,500,646
1741709181026,555,505
1741709181064,375,641
1741709181091,659,610
1741709181128,460,651
1741709181160,487,641
1741709181194,488,495
1741709181229,425,590
1741709181259,465,562
1741709181294,499,594
1741709181328,444,650
1741709181362,534,605
1741709181392,447,413
1741709181427,609,471
1741709181460,592,492
1741709181492,618,588
1741709181523,479,505
1741709181549,510,443
1741709181578,493,390
1741709181610,530,428
1741709181644,549,438
1741709181675,374,358
1741709181710,362,337
1741709181745,369,441
1741709181777,473,322
1741709181811,450,222
1741709181846,494,320
1741709181878,637,316
1741709181911,586,398
1741709181946,343,266
1741709181977,592,433
1741709182011,589,356
1741709182046,622,324
1741709182078,563,379
1741709182111,564,401
1741709182144,572,412
1741709182178,470,373
1741709182211,512,329
1741709182244,604,409
1741709182277,490,449
1741709182312,393,497
1741709182345,431,395
1741709182377,384,567
1741709182408,461,595
1741709182445,488,600
1741709182478,266,562
1741709182508,350,529
1741709182543,279,552
1741709182578,390,562
1741709182612,125,625
1741709182644,374,614
1741709182677,524,675
1741709182711,234,607
1741709182745,268,633
1741709182778,176,608
1741709182810,147,591
1741709182844,228,604
1741709182877,323,531
1741709182911,375,589
1741709182944,347,543
1741709182978,289,534
1741709183012,301,559
1741709183044,302,526
1741709183080,293,523
1741709183109,370,569
1741709183145,286,459
1741709183178,78,630
1741709183210,61,421
1741709183244,261,537
1741709183279,255,561
1741709183311,214,443
1741709183345,143,608
1741709183378,140,629
1741709183411,267,676
1741709183446,205,523
1741709183477,191,584
1741709183513,306,532
1741709183542,290,527
1741709183577,395,509
1741709183610,313,506
1741709183645,229,511
1741709183679,424,533
1741709183710,396,496
1741709183743,479,618
1741709183776,317,440
1741709183809,549,564
1741709183843,422,424
1741709183878,328,417
1741709183912,175,489
1741709183945,524,325
1741709183984,507,441
1741709184010,522,536
1741709184045,599,315
1741709184078,697,334
1741709184112,975,372
1741709184143,1049,105
1741709184178,1054,106
1741709184211,1067,175
1741709184244,965,163
1741709184276,901,133
1741709184310,979,204
1741709184345,977,192
1741709184375,992,126
1741709184409,735,296
1741709184444,955,255
1741709184474,454,413
1741709184517,608,384
1741709184545,550,287
1741709184577,526,452
1741709184611,454,391
1741709184644,660,249
1741709184676,534,453
1741709184709,996,92
1741709184743,806,155
1741709184777,994,209
1741709184811,786,234
1741709184844,915,195
1741709184878,900,260
1741709184909,873,180
1741709184944,722,213
1741709184977,904,161
1741709185011,965,161
1741709185043,807,409
1741709185078,763,301
1741709185110,771,196
1741709185143,776,252
1741709185176,595,420
1741709185211,602,409
1741709185243,660,341
1741709185279,707,344
1741709185312,693,270
1741709185345,673,216
1741709185378,232,278
1741709185415,636,381
1741709185442,724,349
1741709185478,723,279
1741709185510,668,246
1741709185542,678,349
1741709185578,655,292
1741709185612,495,326
1741709185641,434,304
1741709185679,488,276
1741709185711,513,532
1741709185741,604,408
1741709185775,547,435
1741709185812,716,394
1741709185843,617,473
1741709185877,342,340
1741709185910,559,457
1741709185944,383,378
1741709185978,201,403
1741709186011,400,428
1741709186045,453,377
1741709186078,517,545
1741709186113,518,571
1741709186144,534,530
1741709186177,247,604
1741709186211,409,518
1741709186243,282,607
1741709186276,332,508
1741709186312,678,377
1741709186345,772,382
1741709186377,483,230
1741709186409,450,131
1741709186443,778,175
1741709186478,566,205
1741709186512,411,597
1741709186544,364,414
1741709186576,306,308
1741709186611,347,562
1741709186645,270,566
1741709186676,258,386
1741709186711,228,484
1741709186745,468,405
1741709186778,331,404
1741709186811,548,545
1741709186844,495,365
1741709186875,300,386
1741709186912,482,408
1741709186945,411,254
1741709186976,503,342
1741709187011,652,422
1741709187044,501,261
1741709187079,586,427
1741709187110,627,414
1741709187146,508,300
1741709187176,1033,228
1741709187211,817,476
1741709187244,800,445
1741709187277,829,410
1741709187312,847,427
1741709187345,816,405
1741709187378,880,478
1741709187410,777,391
1741709187445,886,494
1741709187477,723,421
1741709187511,922,460
1741709187541,981,283
1741709187573,698,71
1741709187596,988,484
1741709187627,700,352
1741709187661,920,421
1741709187694,931,432
1741709187727,860,437
1741709187760,785,365
1741709187794,1024,504
1741709187828,980,540
1741709187860,840,504
1741709187895,668,428
1741709187933,739,497
1741709187960,814,480
1741709187993,725,474
1741709188028,762,518
1741709188049,785,455
1741709188078,621,384
1741709188117,616,371
1741709188150,765,365
1741709188182,795,520
1741709188212,893,525
1741709188244,661,516
1741709188278,620,451
1741709188312,639,456
1741709188343,565,316
1741709188376,539,252
1741709188411,734,315
1741709188444,743,223
1741709188478,503,251
1741709188512,673,435
1741709188544,709,381
1741709188578,623,393
1741709188611,685,210
1741709188643,782,478
1741709188676,546,432
1741709188711,594,372
1741709188745,432,204
1741709188778,344,247
1741709188811,750,613
1741709188845,647,574
1741709188876,570,321
1741709188911,591,221
1741709188945,565,198
1741709188979,444,144
1741709189010,352,238
1741709189045,626,333
1741709189078,477,165
1741709189110,548,266
1741709189144,659,260
1741709189175,651,341
1741709189210,621,368
1741709189244,677,239
1741709189279,551,313
1741709189309,792,244
1741709189343,683,261
1741709189378,718,253
1741709189410,741,151
1741709189444,509,207
1741709189475,503,295
1741709189509,610,219
1741709189544,407,177
1741709189577,663,159
1741709189610,656,-108
1741709189645,750,163
1741709189676,637,235
1741709189711,656,290
1741709189743,693,181
1741709189776,695,221
1741709189812,676,226
1741709189845,865,260
1741709189884,670,208
1741709189911,560,409
1741709189945,367,354
1741709189977,156,377
1741709190010,336,283
1741709190045,289,409
1741709190079,322,345
1741709190111,249,529
1741709190143,318,324
1741709190178,69,271
1741709190210,139,461
1741709190243,197,400
1741709190276,198,385
1741709190310,122,453
1741709190343,139,570
1741709190379,170,647
1741709190409,119,574
1741709190445,167,616
1741709190477,765,542
1741709190510,487,377
1741709190542,453,373
1741709190576,381,460
1741709190611,432,419
1741709190644,370,468
1741709190676,361,469
1741709190710,299,405
1741709190745,393,497
1741709190778,410,461
1741709190811,480,408
1741709190844,364,444
1741709190878,315,378
1741709190910,552,483
1741709190944,388,537
1741709190977,459,476
1741709191010,564,515
1741709191045,416,495
1741709191077,314,405
1741709191111,313,497
1741709191145,309,480
1741709191177,300,462
1741709191210,260,363
1741709191245,277,443
1741709191278,340,552
1741709191311,454,452
1741709191345,287,375
1741709191378,375,513
1741709191411,455,519
1741709191444,389,520
1741709191477,375,457
1741709191512,311,486
1741709191544,282,536
1741709191578,295,556
1741709191610,416,534
1741709191643,322,509
1741709191678,194,483
1741709191710,265,498
1741709191744,327,489
1741709191778,328,418
1741709191810,209,470
1741709191845,151,399
1741709191878,441,550
1741709191912,351,591
1741709191944,307,536
1741709191976,195,391
1741709192011,218,465
1741709192043,329,548
1741709192077,257,389
1741709192111,279,436
1741709192144,327,527
1741709192177,206,423
1741709192211,233,374
1741709192244,179,412
1741709192279,226,406
1741709192310,309,428
1741709192344,203,380
1741709192377,252,405
1741709192410,169,368
1741709192445,300,437
1741709192480,173,424
1741709192512,329,434
1741709192545,303,379
1741709192579,125,309
1741709192611,382,407
1741709192644,469,425
1741709192677,499,372
1741709192711,406,409
1741709192745,347,361
1741709192777,320,448
1741709192810,606,403
1741709192843,520,403
1741709192878,584,293
1741709192912,667,240
1741709192945,746,277
1741709192977,512,146
1741709193009,618,475
1741709193044,797,370
1741709193078,608,407
1741709193112,676,322
1741709193142,809,222
1741709193178,717,257
1741709193211,694,101
1741709193246,681,142
1741709193278,871,111
1741709193311,847,237
1741709193345,753,110
1741709193378,621,220
1741709193411,583,178
1741709193445,694,257
1741709193478,603,224
1741709193512,805,122
1741709193545,610,352
1741709193578,673,230
1741709193610,779,97
1741709193645,714,12
1741709193678,764,535
1741709193711,699,294
1741709193743,480,503
1741709193776,650,231
1741709193811,617,242
1741709193844,583,341
1741709193877,785,170
1741709193909,658,121
1741709193946,554,324
1741709193977,614,370
1741709194012,745,289
1741709194045,737,363
1741709194077,649,202
1741709194111,692,289
1741709194145,528,311
1741709194177,510,284
1741709194212,669,252
1741709194242,621,255
1741709194278,595,313
1741709194311,501,394
1741709194342,657,269
1741709194376,633,336
1741709194411,650,412
1741709194442,564,313
1741709194477,545,309
1741709194510,344,187
1741709194536,768,220
1741709194559,768,220
1741709194593,852,380
1741709194628,1065,52
1741709194660,891,183
1741709194694,794,462
1741709194729,931,338
1741709194762,953,409
1741709194795,870,339
1741709194827,1060,243
1741709194862,719,287
1741709194895,810,353
1741709194927,871,313
1741709194962,819,518
1741709194995,910,238
1741709195025,901,398
1741709195060,844,329
1741709195095,831,330
1741709195126,837,382
1741709195162,921,452
1741709195194,893,389
1741709195226,1027,406
1741709195260,1026,316
1741709195295,1075,339
1741709195327,645,504
1741709195361,513,413
1741709195394,209,461
1741709195427,551,408
1741709195462,356,437
1741709195495,524,440
1741709195527,597,346
1741709195562,589,403
1741709195592,769,377
1741709195628,399,483
1741709195662,491,537
1741709195693,489,436
1741709195725,471,430
1741709195761,450,382
1741709195794,646,409
1741709195828,713,399
1741709195861,634,378
1741709195893,397,520
1741709195927,364,371
1741709195961,327,305
1741709195994,468,148
1741709196027,410,268
1741709196062,439,327
1741709196096,380,136
1741709196128,400,340
1741709196160,520,215
1741709196193,438,201
1741709196226,539,190
1741709196262,448,254
1741709196293,436,243
1741709196328,600,203
1741709196361,553,349
1741709196394,610,205
1741709196429,669,95
1741709196461,573,372
1741709196495,432,189
1741709196526,471,375
1741709196560,360,267
1741709196595,481,322
1741709196625,381,259
1741709196660,468,257
1741709196695,448,419
1741709196726,324,109
1741709196761,478,315
1741709196794,490,104
1741709196828,493,323
1741709196862,414,162
1741709196894,572,352
1741709196929,511,274
1741709196961,233,475
1741709196993,298,423
1741709197027,321,307
1741709197061,223,344
1741709197094,433,264
1741709197125,358,216
1741709197162,330,207
1741709197192,434,270
1741709197228,447,294
1741709197261,392,268
1741709197294,398,370
1741709197327,410,253
1741709197360,339,225
1741709197394,532,335
1741709197427,488,318
1741709197462,508,330
1741709197495,348,199
1741709197529,527,132
1741709197562,428,273
1741709197593,629,227
1741709197629,499,348
1741709197661,531,266
1741709197695,679,251
1741709197726,824,250
1741709197761,1106,261
1741709197795,828,176
1741709197827,788,275
1741709197859,873,245
1741709197894,895,261
1741709197926,920,190
1741709197962,885,166
1741709197994,839,172
1741709198025,857,190
1741709198058,761,156
1741709198094,921,223
1741709198128,853,120
1741709198160,756,371
1741709198195,447,245
1741709198227,646,303
1741709198260,641,378
1741709198295,527,293
1741709198327,509,278
1741709198360,859,296
1741709198395,471,312
1741709198429,588,336
1741709198462,491,287
1741709198495,558,333
1741709198529,546,400
1741709198560,849,181
1741709198595,743,312
1741709198628,680,183
1741709198661,765,292
1741709198697,817,278
1741709198728,896,335
1741709198761,787,328
1741709198796,724,338
1741709198828,800,385
1741709198860,817,388
1741709198895,803,277
1741709198927,626,355
1741709198960,580,265
1741709198993,707,259
1741709199026,732,323
1741709199062,667,301
1741709199095,418,225
1741709199129,581,215
1741709199161,550,90
1741709199194,624,194
1741709199228,380,177
1741709199261,702,256
1741709199296,292,25
1741709199326,790,380
1741709199357,570,478
1741709199395,319,133
1741709199428,470,-39
1741709199461,368,72
1741709199495,523,192
1741709199527,318,-27
1741709199561,659,189
1741709199597,410,150
1741709199628,268,-31
1741709199663,371,160
1741709199696,485,256
1741709199729,507,201
1741709199762,344,115
1741709199794,404,199
1741709199825,358,90
1741709199859,346,123
1741709199895,351,142
1741709199927,285,152
1741709199961,404,206
1741709199993,474,174
1741709200027,546,103
1741709200062,285,118
1741709200094,553,165
1741709200128,344,87
1741709200160,439,184
1741709200192,484,106
1741709200226,292,169
1741709200260,331,99
1741709200295,675,327
1741709200329,407,182
1741709200361,327,220
1741709200395,492,128
1741709200429,444,246
1741709200462,472,339
1741709200496,352,439
1741709200526,570,401
1741709200564,467,252
1741709200594,410,254
1741709200628,684,423
1741709200660,823,392
1741709200694,631,246
1741709200731,671,255
1741709200761,586,298
1741709200795,669,357
1741709200826,865,411
1741709200861,598,329
1741709200894,641,328
1741709200928,460,365
1741709200962,628,412
1741709200995,463,347
1741709201026,581,330
1741709201062,534,337
1741709201095,533,372
1741709201129,692,382
1741709201161,328,240
1741709201194,508,200
1741709201227,768,391
1741709201261,484,387
1741709201292,569,369
1741709201327,600,438
1741709201360,697,376
1741709201394,611,412
1741709201427,715,441
1741709201460,701,339
1741709201494,732,390
1741709201525,682,374
1741709201560,582,406
1741709201594,850,426
1741709201628,1098,468
1741709201661,671,367
1741709201694,688,315
1741709201726,837,333
1741709201764,768,466
1741709201791,830,426
1741709201829,702,390
1741709201860,735,346
1741709201895,627,410
1741709201928,424,418
1741709201962,196,431
1741709201994,291,538
1741709202028,262,395
1741709202062,210,341
1741709202093,220,334
1741709202125,385,484
1741709202161,186,408
1741709202195,347,309
1741709202229,351,401
1741709202261,145,372
1741709202293,296,429
1741709202328,96,216
1741709202363,341,428
1741709202394,102,346
1741709202426,481,463
1741709202462,82,274
1741709202494,379,384
1741709202529,134,318
1741709202560,-80,432
1741709202592,198,307
1741709202626,144,421
1741709202661,313,376
1741709202693,208,331
1741709202728,282,381
1741709202762,316,383
1741709202793,471,481
1741709202827,172,273
1741709202867,230,385
1741709202895,176,284
1741709202927,511,463
1741709202962,354,395
1741709202994,316,275
1741709203025,338,411
1741709203063,329,557
1741709203094,235,412
1741709203128,397,431
1741709203161,588,395
1741709203195,609,369
1741709203228,499,259
1741709203260,662,319
1741709203295,558,310
1741709203327,511,346
1741709203361,422,348
1741709203395,658,431
1741709203428,1046,467
1741709203461,1055,355
1741709203494,808,529
1741709203528,893,450
1741709203562,775,522
1741709203592,913,502
1741709203628,1005,525
1741709203662,1083,573
1741709203692,972,373
1741709203727,1122,646
1741709203762,985,547
1741709203796,1150,622
1741709203828,911,550
1741709203860,1028,781
1741709203894,796,493
1741709203928,1202,583
1741709203960,1080,657
1741709203991,1122,588
1741709204028,1093,587
1741709204062,1000,491
1741709204091,1001,515
1741709204127,1095,651
1741709204160,995,478
1741709204192,915,567
1741709204228,1188,627
1741709204262,1104,588
1741709204295,880,735
1741709204328,1014,670
1741709204359,1103,576
1741709204394,1072,712
1741709204429,972,584
1741709204462,1065,677
1741709204493,792,422
1741709204528,594,392
1741709204560,545,365
1741709204594,489,407
1741709204627,696,466
1741709204659,563,450
1741709204694,697,382
1741709204728,342,235
1741709204762,654,256
1741709204794,665,345
1741709204826,564,180
1741709204861,471,187
1741709204894,504,292
1741709204928,409,288
1741709204963,595,313
1741709205000,772,400
1741709205025,397,258
1741709205061,611,423
1741709205092,501,476
1741709205126,739,399
1741709205159,770,456
1741709205193,687,352
1741709205227,555,432
1741709205260,730,434
1741709205296,590,396
1741709205327,716,479
1741709205359,578,459
1741709205395,628,547
1741709205433,577,501
1741709205460,614,471
1741709205495,680,418
1741709205525,679,519
1741709205562,602,430
1741709205592,575,394
1741709205630,534,407
1741709205661,688,375
1741709205695,538,422
1741709205727,698,391
1741709205760,696,537
1741709205795,734,469
1741709205828,643,469
1741709205860,394,288
1741709205894,784,90
1741709205917,596,81
1741709205944,551,7
1741709205976,614,50
1741709206011,609,220
1741709206045,622,180
1741709206077,553,278
1741709206111,437,297
1741709206144,541,193
1741709206176,503,293
1741709206210,537,301
1741709206243,761,371
1741709206277,710,409
1741709206309,587,482
1741709206345,545,606
1741709206377,613,270
1741709206410,673,365
1741709206445,645,332
1741709206477,769,345
1741709206511,745,457
1741709206544,622,421
1741709206577,688,399
1741709206612,545,239
1741709206642,450,279
1741709206676,536,294
1741709206712,825,407
1741709206744,704,372
1741709206776,720,450
1741709206810,596,371
1741709206841,817,351
1741709206878,761,357
1741709206910,753,290
1741709206945,875,224
1741709206978,765,333
1741709207011,670,399
1741709207044,532,384
1741709207076,755,303
1741709207112,735,420
1741709207144,803,306
1741709207178,738,374
1741709207210,908,314
1741709207245,836,537
1741709207278,825,421
1741709207309,470,302
1741709207342,730,360
1741709207379,575,251
1741709207411,640,404
1741709207445,565,281
1741709207477,560,349
1741709207512,786,491
1741709207545,547,448
1741709207578,670,443
1741709207611,607,528
1741709207643,675,506
1741709207678,554,544
1741709207710,615,330
1741709207741,751,265
1741709207776,548,501
1741709207811,554,636
1741709207844,534,510
1741709207875,341,537
1741709207911,518,577
1741709207945,383,554
1741709207976,422,402
1741709208011,440,499
1741709208043,428,560
1741709208078,442,575
1741709208111,408,578
1741709208144,493,395
1741709208176,407,395
1741709208212,384,515
1741709208244,764,496
1741709208276,524,580
1741709208310,353,587
1741709208341,488,487
1741709208377,241,540
1741709208411,244,560
1741709208443,262,622
1741709208478,145,516
1741709208509,460,514
1741709208544,218,577
1741709208575,272,546
1741709208611,183,429
1741709208645,225,440
1741709208678,299,370
1741709208710,470,390
1741709208744,275,482
1741709208777,351,453
1741709208811,289,377
1741709208845,224,409
1741709208875,300,421
1741709208910,356,515
1741709208945,262,186
1741709208975,113,361
1741709209011,253,448
1741709209044,371,461
1741709209077,263,460
1741709209112,375,462
1741709209145,358,426
1741709209176,128,418
1741709209211,509,373
1741709209245,304,451
1741709209278,350,427
1741709209311,496,509
1741709209345,385,518
1741709209377,587,506
1741709209411,510,637
1741709209445,517,535
1741709209478,507,534
1741709209512,447,698
1741709209544,520,611
1741709209578,626,424
1741709209611,617,434
1741709209645,455,543
1741709209678,436,427
1741709209711,597,214
1741709209745,613,563
1741709209778,702,398
1741709209811,456,226
1741709209843,515,125
1741709209876,305,208
1741709209912,374,138
1741709209944,581,67
1741709209978,525,114
1741709210010,687,49
1741709210044,802,77
1741709210078,798,68
1741709210111,634,60
1741709210144,567,-12
1741709210178,649,-42
1741709210211,577,-23
1741709210244,482,4
1741709210278,648,2
1741709210310,645,-1
1741709210344,565,-59
1741709210377,686,236
1741709210411,760,114
1741709210444,582,-33
1741709210477,590,-47
1741709210512,710,-37
1741709210546,619,-8
1741709210578,524,38
1741709210611,833,215
1741709210644,703,181
1741709210678,644,-30
1741709210712,630,180
1741709210745,579,147
1741709210777,574,78
1741709210811,675,266
1741709210844,620,152
1741709210878,753,327
1741709210911,706,143
1741709210945,596,205
1741709210977,675,219
1741709211012,641,284
1741709211044,742,301
1741709211077,628,266
1741709211112,662,254
1741709211144,616,386
1741709211178,588,167
1741709211212,583,187
1741709211245,686,140
1741709211278,800,135
1741709211311,566,234
1741709211344,726,213
1741709211379,889,316
1741709211409,827,334
1741709211444,627,271
1741709211476,644,163
1741709211511,773,264
1741709211544,576,-14
1741709211585,881,-18
1741709211612,990,89
1741709211642,601,-20
1741709211674,659,-21
1741709211698,677,-64
1741709211725,718,40
1741709211759,662,-23
1741709211796,615,-104
1741709211828,774,51
1741709211863,669,115
1741709211895,823,84
1741709211926,662,220
1741709211961,748,61
1741709211994,755,-58
1741709212029,720,-37
1741709212062,924,214
1741709212094,944,429
1741709212127,862,153
1741709212160,1173,816
1741709212193,1086,947
1741709212228,1236,743
1741709212260,1039,255
1741709212295,948,109
1741709212328,1478,276
1741709212361,1330,-114
1741709212393,516,390
1741709212425,771,558
1741709212460,1027,499
1741709212494,1038,580
1741709212527,661,355
1741709212562,604,350
1741709212594,821,233
1741709212627,585,556
1741709212660,640,446
1741709212695,707,547
1741709212728,813,464
1741709212760,577,450
1741709212795,666,334
1741709212829,624,347
1741709212861,676,290
1741709212894,693,414
1741709212928,740,325
1741709212962,485,376
1741709212994,716,338
1741709213027,673,150
1741709213060,577,256
1741709213094,470,244
1741709213128,499,197
1741709213162,689,147
1741709213195,583,208
1741709213229,587,150
1741709213262,819,370
1741709213295,819,370
1741709213326,702,359
1741709213362,651,373
1741709213395,593,128
1741709213428,701,190
1741709213461,671,274
1741709213495,725,205
1741709213528,563,237
1741709213560,848,376
1741709213596,1013,490
1741709213636,829,243
1741709213661,670,428
1741709213695,474,358
1741709213728,619,144
1741709213761,751,325
1741709213796,610,194
1741709213828,744,147
1741709213862,628,330
1741709213896,534,338
1741709213929,487,534
1741709213961,598,400
1741709213994,420,285
1741709214029,752,249
1741709214061,503,405
1741709214094,613,338
1741709214127,590,291
1741709214160,693,433
1741709214195,640,388
1741709214228,534,286
1741709214260,341,357
1741709214295,787,332
1741709214329,652,202
1741709214361,649,335
1741709214394,482,171
1741709214429,559,332
1741709214462,500,347
1741709214494,510,455
1741709214528,554,218
1741709214560,574,396
1741709214595,574,372
1741709214627,346,282
1741709214662,491,352
1741709214692,703,313
1741709214728,414,408
1741709214761,661,405
1741709214793,585,427
1741709214825,515,284
1741709214861,847,68
1741709214894,1013,222
1741709214927,509,-40
1741709214961,637,-19
1741709214994,631,8
1741709215027,897,82
1741709215062,680,26
1741709215093,995,67
1741709215128,838,47
1741709215161,933,118
1741709215194,1119,304
1741709215225,977,228
1741709215262,830,44
1741709215296,830,44
1741709215329,910,76
1741709215360,1049,46
1741709215395,1030,29
1741709215427,1030,29
1741709215465,1132,59
1741709215493,1132,59
1741709215529,982,131
1741709215560,1002,85
1741709215595,1062,63
1741709215630,1062,54
1741709215659,992,89
1741709215694,1211,212
1741709215729,1055,-98
1741709215760,1125,45
1741709215795,946,104
1741709215827,1035,70
1741709215859,952,5
1741709215894,948,-93
1741709215928,725,110
1741709215961,757,141
1741709215993,927,70
1741709216028,681,135
1741709216061,636,150
1741709216095,643,55
1741709216128,660,71
1741709216162,796,163
1741709216194,963,163
1741709216226,881,164
1741709216261,565,186
1741709216292,602,212
1741709216328,676,300
1741709216360,732,221
1741709216394,693,202
1741709216428,674,189
1741709216462,689,354
1741709216493,641,174
1741709216526,715,228
1741709216560,536,252
1741709216594,564,223
1741709216627,484,315
1741709216661,697,400
1741709216692,464,469
1741709216728,647,436
1741709216761,326,465
1741709216794,531,327
1741709216826,241,431
1741709216861,481,521
1741709216895,266,414
1741709216928,385,361
1741709216962,461,514
1741709216995,488,423
1741709217028,374,583
1741709217061,301,457
1741709217095,396,502
1741709217125,320,446
1741709217161,290,478
1741709217193,431,660
1741709217229,139,579
1741709217262,290,440
1741709217294,163,535
1741709217327,439,627
1741709217361,242,646
1741709217395,350,563
1741709217428,184,533
1741709217460,193,698
1741709217491,115,481
1741709217526,305,670
1741709217561,286,452
1741709217595,84,458
1741709217628,387,307
1741709217660,241,503
1741709217694,182,471
1741709217728,88,520
1741709217762,442,432
1741709217796,167,506
1741709217826,349,416
1741709217866,189,455
1741709217893,326,277
1741709217925,289,388
1741709217957,500,398
1741709217980,173,446
1741709218010,444,377
1741709218046,336,378
1741709218074,592,271
1741709218110,425,424
1741709218140,600,138
1741709218165,371,400
1741709218195,479,301
1741709218229,355,428
1741709218261,421,259
1741709218293,323,440
1741709218328,192,380
1741709218359,591,393
1741709218396,635,293
1741709218428,495,402
1741709218462,545,375
1741709218495,690,374
1741709218525,485,381
1741709218562,606,247
1741709218591,417,369
1741709218625,578,240
1741709218659,518,242
1741709218693,517,409
1741709218727,532,308
1741709218761,680,324
1741709218796,426,269
1741709218825,760,314
1741709218862,323,345
1741709218893,626,412
1741709218929,579,366
1741709218960,814,356
1741709218995,710,321
1741709219028,912,285
1741709219061,574,351
1741709219095,689,415
1741709219128,563,315
1741709219161,448,467
1741709219193,731,394
1741709219228,469,477
1741709219261,486,320
1741709219294,424,520
1741709219324,612,424
1741709219361,517,520
1741709219395,487,314
1741709219427,562,514
1741709219461,252,425
1741709219495,502,475
1741709219526,436,515
1741709219561,271,549
1741709219595,592,457
1741709219626,409,481
1741709219662,460,503
1741709219694,213,607
1741709219728,314,428
1741709219760,182,447
1741709219795,337,463
1741709219826,416,395
1741709219859,623,517
1741709219894,493,532
1741709219927,478,557
1741709219960,373,550
1741709219995,264,442
1741709220027,467,573
1741709220061,522,546
1741709220094,585,530
1741709220128,592,513
1741709220162,457,577
1741709220194,215,395
1741709220235,147,475
1741709220261,66,353
1741709220295,454,684
1741709220328,294,483
1741709220363,211,509
1741709220394,227,613
1741709220429,48,340
1741709220462,255,387
1741709220494,388,530
1741709220527,273,379
1741709220562,310,459
1741709220595,418,469
1741709220627,405,449
1741709220662,478,442
1741709220695,473,600
1741709220727,466,594
1741709220761,375,556
1741709220795,305,461
1741709220827,235,481
1741709220861,386,521
1741709220893,425,557
1741709220925,237,543
1741709220962,251,541
1741709220995,160,445
1741709221027,196,517
1741709221061,311,616
1741709221093,422,485
1741709221128,159,512
1741709221161,361,584
1741709221194,244,494
1741709221228,308,547
1741709221259,-10,412
1741709221294,103,512
1741709221326,215,430
1741709221361,117,440
1741709221394,72,390
1741709221427,122,572
1741709221462,190,441
1741709221496,220,536
1741709221529,99,455
1741709221561,154,402
1741709221594,80,379
1741709221628,236,304
1741709221661,72,459
1741709221695,-8,438
1741709221728,123,501
1741709221762,282,552
1741709221795,173,527
1741709221828,107,394
1741709221859,219,366
1741709221895,233,327
1741709221927,271,483
1741709221961,120,332
1741709221996,203,603
1741709222025,860,434
1741709222061,526,274
1741709222093,273,192
1741709222127,313,263
1741709222159,502,420
1741709222194,643,261
1741709222228,521,303
1741709222260,656,194
1741709222294,705,254
1741709222328,539,309
1741709222363,569,183
1741709222394,463,296
1741709222416,749,185
1741709222444,180,290
1741709222477,371,465
1741709222510,391,670
1741709222544,119,461
1741709222578,222,573
1741709222610,523,274
1741709222644,543,454
1741709222676,470,531
1741709222711,476,514
1741709222743,255,488
1741709222776,635,480
1741709222811,307,442
1741709222845,791,477
1741709222878,731,329
1741709222912,865,558
1741709222945,696,450
1741709222977,707,482
1741709223011,945,479
1741709223049,1336,538
1741709223075,800,474
1741709223110,1080,523
1741709223144,805,452
1741709223178,1135,483
1741709223212,808,499
1741709223244,1142,576
1741709223276,804,344
1741709223309,1188,529
1741709223345,868,478
1741709223378,1117,543
1741709223410,939,476
1741709223445,1114,526
1741709223478,728,342
1741709223510,1103,429
1741709223548,780,482
1741709223577,701,435
1741709223609,161,512
1741709223643,62,486
1741709223678,377,650
1741709223710,128,505
1741709223743,320,457
1741709223778,256,466
1741709223810,445,641
1741709223844,422,639
1741709223875,423,592
1741709223910,663,522
1741709223945,540,549
1741709223976,549,692
1741709224011,589,493
1741709224043,420,499
1741709224078,577,582
1741709224110,416,448
1741709224143,695,609
1741709224179,736,560
1741709224209,813,560
1741709224244,831,564
1741709224277,791,672
1741709224312,908,619
1741709224345,786,458
1741709224377,963,504
1741709224410,988,509
1741709224444,1329,567
1741709224477,1050,598
1741709224511,1095,565
1741709224545,1006,551
1741709224579,1536,654
1741709224610,1095,605
1741709224645,1327,648
1741709224674,974,419
1741709224699,1187,607
1741709224727,1168,594
1741709224761,1310,575
1741709224796,1337,633
1741709224825,1171,600
1741709224860,1119,459
1741709224893,1357,682
1741709224927,1274,712
1741709224962,1246,493
1741709224995,1222,566
1741709225027,1282,596
1741709225062,1017,557
1741709225094,1093,781
1741709225128,559,561
1741709225160,875,368
1741709225194,785,636
1741709225227,874,419
1741709225262,929,536
1741709225293,907,514
1741709225327,719,551
1741709225362,1015,602
1741709225395,699,534
1741709225428,926,517
1741709225461,588,526
1741709225495,1027,403
1741709225527,948,572
1741709225562,1108,462
1741709225592,1028,635
1741709225626,956,529
1741709225661,985,548
1741709225693,859,576
1741709225727,1000,539
1741709225763,1173,569
1741709225794,1152,595
1741709225828,1477,782
1741709225861,1184,590
1741709225894,1360,601
1741709225927,1368,607
1741709225961,1429,638
1741709225994,1507,696
1741709226026,1296,506
1741709226061,1074,467
1741709226094,1201,562
1741709226148,1245,584
1741709226185,1276,712
1741709226212,1125,547
1741709226244,1317,749
1741709226277,941,437
1741709226309,1194,795
1741709226343,1198,529
1741709226379,1288,735
1741709226410,966,575
1741709226444,883,469
1741709226478,851,496
1741709226510,595,464
1741709226544,496,405
1741709226577,629,622
1741709226609,475,463
1741709226648,630,670
1741709226678,592,719
1741709226711,628,651
1741709226744,359,682
1741709226776,507,553
1741709226812,323,613
1741709226845,414,611
1741709226876,359,598
1741709226910,436,666
1741709226945,114,552
1741709226979,267,665
1741709227010,457,539
1741709227044,306,581
1741709227079,352,493
1741709227108,311,536
1741709227144,155,425
1741709227177,175,466
1741709227210,33,578
1741709227246,188,643
1741709227278,183,576
1741709227310,316,520
1741709227345,357,499
1741709227379,397,487
1741709227411,549,516
1741709227445,501,567
1741709227478,283,559
1741709227511,309,641
1741709227545,258,552
1741709227577,494,372
1741709227611,471,385
1741709227644,149,209
1741709227678,369,367
1741709227710,591,74
1741709227745,470,269
1741709227778,296,278
1741709227811,599,385
1741709227846,412,295
1741709227878,601,329
1741709227911,572,312
1741709227944,713,262
1741709227977,690,240
1741709228012,463,108
1741709228045,312,207
1741709228078,523,333
1741709228112,564,341
1741709228142,564,390
1741709228177,474,302
1741709228212,509,290
1741709228247,425,316
1741709228275,416,381
1741709228312,944,552
1741709228344,1145,526
1741709228379,1226,579
1741709228412,1268,640
1741709228445,1190,621
1741709228479,1267,642
1741709228510,1092,492
1741709228544,1204,604
1741709228577,1102,592
1741709228610,1144,612
1741709228644,1142,454
1741709228679,1195,658
1741709228712,1072,381
1741709228745,1102,378
1741709228778,1062,385
1741709228812,926,325
1741709228845,964,320
1741709228877,932,306
1741709228912,719,292
1741709228944,798,408
1741709228978,922,271
1741709229011,1113,465
1741709229045,971,355
1741709229074,1109,427
1741709229100,556,330
1741709229129,1129,364
1741709229160,818,347
1741709229195,1277,383
1741709229226,824,362
1741709229261,1109,328
1741709229295,810,398
1741709229327,1081,404
1741709229361,701,309
1741709229395,1023,391
1741709229428,956,427
1741709229461,1148,330
1741709229493,1062,310
1741709229528,964,310
1741709229560,827,287
1741709229592,1001,436
1741709229624,1030,155
1741709229647,971,363
1741709229677,1091,444
1741709229711,1079,380
1741709229739,994,448
1741709229765,1034,316
1741709229796,935,226
1741709229828,947,209
1741709229860,764,130
1741709229893,645,10
1741709229928,620,2
1741709229962,570,266
1741709229994,576,148
1741709230027,720,181
1741709230061,877,183
1741709230094,730,241
1741709230127,494,496
1741709230162,515,252
1741709230196,600,195
1741709230227,737,492
1741709230259,918,431
1741709230292,576,211
1741709230328,627,76
1741709230360,931,274
1741709230395,457,76
1741709230429,377,23
1741709230462,509,279
1741709230495,610,312
1741709230528,570,348
1741709230560,540,281
1741709230595,559,319
1741709230626,329,628
1741709230661,437,438
1741709230694,426,469
1741709230727,498,590
1741709230761,502,532
1741709230795,701,599
1741709230828,528,622
1741709230861,519,584
1741709230896,521,583
1741709230928,469,645
1741709230960,348,632
1741709230995,119,594
1741709231026,380,781
1741709231062,278,605
1741709231095,541,616
1741709231128,440,449
1741709231162,610,716
1741709231195,285,540
1741709231226,328,661
1741709231263,131,508
1741709231293,202,453
1741709231326,588,671
1741709231359,561,482
1741709231395,292,676
1741709231429,343,772
1741709231462,328,508
1741709231497,363,553
1741709231527,191,563
1741709231558,434,588
1741709231595,228,682
1741709231629,357,564
1741709231662,253,595
1741709231694,264,683
1741709231728,138,543
1741709231761,277,653
1741709231795,213,609
1741709231827,389,667
1741709231861,389,696
1741709231895,474,746
1741709231927,387,696
1741709231961,1197,742
1741709231995,1156,772
1741709232029,1353,763
1741709232062,683,375
1741709232094,881,424
1741709232127,769,495
1741709232161,427,314
1741709232195,593,390
1741709232228,527,357
1741709232261,709,505
1741709232296,609,318
1741709232328,904,492
1741709232362,605,461
1741709232393,730,571
1741709232430,399,255
1741709232461,759,458
1741709232494,756,398
1741709232526,808,551
1741709232560,370,273
1741709232594,563,462
1741709232627,569,349
1741709232662,691,145
1741709232694,348,185
1741709232729,552,306
1741709232761,1370,612
1741709232793,719,406
1741709232826,615,91
1741709232861,482,250
1741709232895,757,305
1741709232929,684,364
1741709232961,607,232
1741709232994,667,383
1741709233027,655,365
1741709233061,364,244
1741709233093,526,263
1741709233128,701,383
1741709233160,853,313
1741709233196,670,383
1741709233226,732,304
1741709233261,760,241
1741709233295,824,310
1741709233329,720,328
1741709233360,733,425
1741709233400,548,181
1741709233425,600,354
1741709233462,460,347
1741709233493,571,371
1741709233528,463,224
1741709233560,656,395
1741709233594,555,551
1741709233627,468,428
1741709233662,387,274
1741709233695,476,307
1741709233728,467,334
1741709233763,563,466
1741709233795,589,353
1741709233829,551,331
1741709233862,591,659
1741709233896,503,161
1741709233928,270,276
1741709233961,447,356
1741709233995,394,206
1741709234028,237,270
1741709234060,300,267
1741709234094,396,277
1741709234127,396,258
1741709234160,478,453
1741709234196,511,231
1741709234228,168,298
1741709234262,591,344
1741709234295,558,523
1741709234329,528,407
1741709234361,316,439
1741709234396,351,375
1741709234429,288,348
1741709234461,366,196
1741709234492,636,327
1741709234528,130,133
1741709234562,567,466
1741709234594,472,376
1741709234627,590,413
1741709234662,612,502
1741709234695,512,467
1741709234728,302,544
1741709234764,463,454
1741709234795,570,453
1741709234829,655,438
1741709234861,382,424
1741709234896,393,336
1741709234929,486,343
1741709234962,460,194
1741709234995,315,144
1741709235028,344,366
1741709235063,376,518
1741709235095,464,537
1741709235126,881,534
1741709235162,400,458
1741709235195,591,474
1741709235229,352,342
1741709235261,708,619
1741709235293,724,597
1741709235329,887,482
1741709235362,547,624
1741709235395,198,458
1741709235429,588,606
1741709235462,894,736
1741709235496,551,575
1741709235537,597,519
1741709235561,851,794
1741709235592,714,696
1741709235626,699,516
1741709235661,706,173
1741709235694,623,209
1741709235728,199,145
1741709235762,257,-117
1741709235794,360,-13
1741709235826,153,-271
1741709235860,-68,-162
1741709235896,98,-43
1741709235928,796,452
1741709235961,830,333
1741709235995,678,335
1741709236025,578,284
1741709236060,595,455
1741709236095,623,298
1741709236129,332,41
1741709236163,424,209
1741709236195,800,413
1741709236227,481,545
1741709236262,599,458
1741709236293,605,601
1741709236329,519,513
1741709236361,577,279
1741709236395,411,271
1741709236430,462,445
1741709236461,700,394
1741709236496,509,265
1741709236528,286,104
1741709236562,452,497
1741709236595,470,473
1741709236628,545,424
1741709236662,548,460
1741709236694,475,380
1741709236728,305,280
1741709236763,535,327
1741709236794,444,354
1741709236830,567,271
1741709236860,681,411
1741709236894,469,378
1741709236927,550,253
1741709236960,413,204
1741709236998,556,327
1741709237028,547,321
1741709237061,615,409
1741709237095,426,287
1741709237128,556,340
1741709237161,679,424
1741709237192,548,447
1741709237229,671,409
1741709237261,836,357
1741709237294,687,216
1741709237326,656,480
1741709237362,679,220
1741709237394,609,319
1741709237429,776,297
1741709237461,932,423
1741709237495,819,350
1741709237528,550,277
1741709237561,1026,569
1741709237594,809,504
1741709237628,907,491
1741709237661,707,528
1741709237696,612,249
1741709237728,557,277
1741709237762,614,525
1741709237794,591,386
1741709237826,539,210
1741709237859,668,539
1741709237895,462,354
1741709237928,407,253
1741709237959,383,68
1741709237993,434,105
1741709238027,550,206
1741709238061,529,477
1741709238094,337,172
1741709238128,466,375
1741709238162,315,196
1741709238193,414,517
1741709238226,554,293
1741709238260,531,388
1741709238294,514,333
1741709238328,426,235
1741709238360,548,170
1741709238394,441,245
1741709238428,472,273
1741709238460,792,362
1741709238494,718,188
1741709238528,565,490
1741709238562,701,325
1741709238594,603,371
1741709238627,401,245
1741709238660,700,397
1741709238693,499,214
1741709238727,659,441
1741709238760,504,442
1741709238795,533,409
1741709238828,654,338
1741709238861,544,444
1741709238895,737,394
1741709238928,314,190
1741709238962,780,362
1741709238995,642,328
1741709239027,522,433
1741709239062,740,426
1741709239092,691,341
1741709239115,573,254
1741709239144,624,336
1741709239178,536,323
1741709239212,443,264
1741709239244,627,189
1741709239276,647,387
1741709239308,284,325
1741709239344,467,448
1741709239378,592,443
1741709239411,655,526
1741709239442,487,201
1741709239473,585,407
1741709239495,890,356
1741709239529,869,412
1741709239560,909,503
1741709239595,660,353
1741709239629,840,788
1741709239661,898,619
1741709239692,529,580
1741709239728,389,443
