timestamp,frame_number,left_eye_x,left_eye_y,right_eye_x,right_eye_y,left_pupil_size,right_pupil_size,left_blink,right_blink,gaze_x,gaze_y,head_pose_x,head_pose_y,head_pose_z,marker
2025-03-15 00:20:00.000,0,602,200,596,202,4.7,5.15,0,0,1154,298,-9.0,-0.59,-2.89,
2025-03-15 00:20:00.033,1,770,209,779,216,4.54,4.33,0,0,897,514,-4.63,-4.82,-2.4,
2025-03-15 00:20:00.066,2,606,281,603,275,4.21,3.71,0,0,870,297,3.08,-4.25,-0.02,
2025-03-15 00:20:00.099,3,571,100,572,92,2.78,2.55,0,0,783,422,0.67,0.1,1.14,
2025-03-15 00:20:00.132,4,688,154,678,154,3.22,2.94,0,0,1089,155,8.88,4.69,-0.99,
2025-03-15 00:20:00.165,5,520,248,529,250,3.27,3.44,0,0,988,302,-2.07,1.93,1.17,
2025-03-15 00:20:00.198,6,602,236,597,229,3.12,3.26,0,0,1099,720,3.88,-4.29,1.19,
2025-03-15 00:20:00.231,7,621,301,628,304,3.79,3.88,0,0,906,727,-0.21,-3.11,1.22,
2025-03-15 00:20:00.264,8,714,216,711,216,3.84,3.36,0,0,926,703,0.25,2.71,-0.04,
2025-03-15 00:20:00.297,9,587,253,583,252,3.39,3.62,0,0,724,237,-4.64,3.41,2.49,
2025-03-15 00:20:00.330,10,599,390,589,398,3.38,3.21,0,0,613,521,-0.9,1.18,-0.06,
2025-03-15 00:20:00.363,11,651,162,656,169,4.57,4.74,0,0,607,156,-0.58,1.44,-0.3,
2025-03-15 00:20:00.396,12,630,343,631,338,4.47,4.53,0,0,568,661,4.13,-4.72,-1.8,
2025-03-15 00:20:00.429,13,649,124,644,128,3.27,3.11,0,0,729,170,8.81,3.29,-1.15,
2025-03-15 00:20:00.462,14,757,189,766,188,4.78,4.42,0,0,679,693,-3.41,2.88,-2.75,
2025-03-15 00:20:00.495,15,793,174,784,168,4.88,4.48,0,0,704,471,-9.16,-2.41,0.8,
2025-03-15 00:20:00.528,16,691,393,694,387,3.32,3.65,0,0,545,716,-0.07,2.09,-1.51,
2025-03-15 00:20:00.561,17,776,309,769,308,3.39,3.8,0,0,1020,571,0.89,-2.85,-1.18,
2025-03-15 00:20:00.594,18,660,116,650,110,3.76,3.91,0,0,915,613,-6.63,-4.6,1.62,
2025-03-15 00:20:00.627,19,521,227,528,219,4.85,4.46,0,0,489,183,5.21,-2.99,-1.04,
2025-03-15 00:20:00.660,20,752,350,754,345,4.69,4.59,0,0,852,142,9.7,-3.21,-1.55,
2025-03-15 00:20:00.693,21,735,278,726,271,2.76,2.99,0,0,459,765,8.92,-1.62,-1.99,
2025-03-15 00:20:00.726,22,548,281,546,288,3.48,3.76,0,0,710,705,-6.06,-0.82,1.65,
2025-03-15 00:20:00.759,23,558,251,549,249,3.88,3.5,0,0,927,232,7.51,0.09,-2.22,
2025-03-15 00:20:00.792,24,669,124,667,130,3.76,3.26,0,0,626,494,4.09,-0.23,-0.28,
2025-03-15 00:20:00.825,25,687,279,677,281,2.98,3.2,0,0,873,164,-0.92,-2.29,0.04,
2025-03-15 00:20:00.858,26,770,297,770,301,4.65,4.5,0,0,940,389,0.81,-4.71,1.12,
2025-03-15 00:20:00.891,27,689,260,681,269,4.19,3.95,0,0,1062,475,6.99,1.05,0.8,
2025-03-15 00:20:00.924,28,674,276,683,282,4.59,4.11,0,0,1156,566,-0.4,-1.04,1.86,
2025-03-15 00:20:00.957,29,550,384,543,386,4.65,4.69,0,0,1181,312,-2.54,-2.01,-2.73,
2025-03-15 00:20:00.990,30,554,162,561,167,4.37,4.72,0,0,478,247,-0.14,3.67,-1.22,
2025-03-15 00:20:01.023,31,743,249,738,242,3.6,4.06,0,0,832,672,1.58,2.47,-1.32,
2025-03-15 00:20:01.056,32,630,253,622,247,4.03,4.09,1,1,552,570,-6.22,3.58,-2.12,
2025-03-15 00:20:01.089,33,634,255,634,249,2.9,2.92,1,1,1188,248,8.02,-0.05,-1.26,
2025-03-15 00:20:01.122,34,520,148,524,146,4.18,3.77,0,0,800,187,3.48,-3.69,-1.14,
2025-03-15 00:20:01.155,35,666,183,660,189,2.95,3.0,0,0,513,378,2.67,1.96,0.13,
2025-03-15 00:20:01.188,36,773,276,782,278,4.23,4.11,0,0,456,495,-8.01,-2.94,0.98,
2025-03-15 00:20:01.221,37,588,247,587,238,3.07,3.18,0,0,585,503,2.08,-0.59,-0.71,
2025-03-15 00:20:01.254,38,513,217,514,219,2.79,2.68,0,0,797,181,-7.58,-4.35,1.32,
2025-03-15 00:20:01.287,39,741,162,745,170,2.91,2.65,0,0,1004,740,-8.43,3.25,-0.98,
2025-03-15 00:20:01.320,40,764,288,770,280,2.5,2.1,0,0,1187,385,0.55,-3.74,-1.26,
2025-03-15 00:20:01.353,41,552,148,551,147,4.3,4.11,0,0,557,481,-1.94,4.03,0.25,
2025-03-15 00:20:01.386,42,591,356,586,347,4.33,3.93,0,0,1186,369,1.78,3.64,-2.86,
2025-03-15 00:20:01.419,43,763,323,770,325,3.79,3.46,0,0,1092,391,-8.22,-0.35,-2.52,
2025-03-15 00:20:01.452,44,534,240,536,248,2.9,3.39,0,0,758,552,-1.38,2.44,-0.49,
2025-03-15 00:20:01.485,45,705,314,697,320,2.71,2.65,0,0,839,123,-6.5,1.19,2.66,
2025-03-15 00:20:01.518,46,580,310,579,313,2.55,2.58,0,0,988,410,9.74,3.03,1.33,
2025-03-15 00:20:01.551,47,549,131,552,132,2.91,3.29,0,0,865,560,1.22,-0.68,-2.47,
2025-03-15 00:20:01.584,48,501,257,496,258,4.73,5.22,0,0,1062,307,3.75,2.86,2.08,
2025-03-15 00:20:01.617,49,553,384,545,384,3.1,3.19,0,0,845,763,-3.49,-0.38,1.39,
2025-03-15 00:20:01.650,50,605,385,610,381,3.39,3.7,0,0,1149,537,-8.11,4.41,0.67,
2025-03-15 00:20:01.683,51,759,243,755,236,2.76,2.59,0,0,1142,637,9.52,-0.14,1.92,
2025-03-15 00:20:01.716,52,690,118,699,126,3.06,2.86,0,0,1006,415,-4.27,-0.37,-0.58,
2025-03-15 00:20:01.749,53,717,117,720,107,3.8,3.7,0,0,929,521,-1.52,2.85,-1.67,
2025-03-15 00:20:01.782,54,543,356,541,348,4.02,4.19,0,0,472,420,3.0,3.22,0.07,
2025-03-15 00:20:01.815,55,661,177,665,179,3.11,3.3,0,0,1100,596,-9.51,0.54,0.29,
2025-03-15 00:20:01.848,56,701,274,693,278,2.64,2.46,0,0,416,686,6.21,-3.2,0.23,
2025-03-15 00:20:01.881,57,769,293,760,284,3.48,3.11,1,1,930,262,0.73,-0.32,0.39,
2025-03-15 00:20:01.914,58,770,212,761,212,3.09,3.22,0,0,1130,640,-4.44,4.68,2.69,
2025-03-15 00:20:01.947,59,714,213,706,206,3.05,2.68,0,0,725,264,-8.77,2.53,2.41,
2025-03-15 00:20:01.980,60,751,321,758,329,4.9,4.98,0,0,1031,797,-6.75,3.11,2.25,
2025-03-15 00:20:02.013,61,689,265,692,271,4.04,4.23,0,0,1012,665,7.9,-4.67,1.81,
2025-03-15 00:20:02.046,62,795,231,804,223,3.89,4.09,0,0,945,394,3.72,-0.32,2.66,
2025-03-15 00:20:02.079,63,712,363,719,370,3.54,3.79,0,0,995,141,-5.0,1.47,-2.41,
2025-03-15 00:20:02.112,64,707,154,706,151,3.57,3.95,0,0,1107,384,-8.69,3.3,-1.41,
2025-03-15 00:20:02.145,65,736,230,727,238,3.85,3.85,0,0,601,486,3.81,-4.51,-0.03,
2025-03-15 00:20:02.178,66,552,387,542,381,4.24,4.47,0,0,743,237,1.45,3.52,2.08,
2025-03-15 00:20:02.211,67,779,365,772,361,4.26,4.37,0,0,922,286,-1.91,0.48,0.03,
2025-03-15 00:20:02.244,68,716,261,719,258,2.93,2.62,0,0,799,530,-2.73,-3.03,1.49,
2025-03-15 00:20:02.277,69,751,186,741,180,3.75,3.28,0,0,617,653,-5.66,-1.83,-2.17,
2025-03-15 00:20:02.310,70,687,154,690,160,3.53,3.31,0,0,738,537,3.39,-2.18,-1.49,
2025-03-15 00:20:02.343,71,540,387,545,381,4.68,4.62,0,0,1164,525,9.41,0.31,1.39,
2025-03-15 00:20:02.376,72,656,277,659,270,4.08,4.2,0,0,621,515,-6.49,-4.48,-2.01,
2025-03-15 00:20:02.409,73,514,107,523,115,3.83,4.18,0,0,782,125,1.94,-3.41,-0.89,
2025-03-15 00:20:02.442,74,564,346,556,337,2.79,2.48,0,0,991,470,-1.52,3.13,-1.41,
2025-03-15 00:20:02.475,75,508,354,500,354,4.01,3.64,0,0,406,484,-1.07,-3.67,-0.9,
2025-03-15 00:20:02.508,76,628,153,626,155,2.79,3.26,0,0,671,155,-4.92,-2.67,1.25,
2025-03-15 00:20:02.541,77,635,348,630,352,3.34,2.95,0,0,1138,352,6.5,-0.47,-0.79,
2025-03-15 00:20:02.574,78,562,338,564,339,2.86,2.84,0,0,415,733,-0.29,0.17,0.33,
2025-03-15 00:20:02.607,79,638,328,629,328,4.23,4.32,0,0,823,205,0.87,2.64,-2.4,
2025-03-15 00:20:02.640,80,580,166,577,162,3.02,3.06,0,0,923,229,-3.9,-0.53,1.83,
2025-03-15 00:20:02.673,81,662,150,653,144,3.48,3.07,0,0,1152,769,-6.36,2.9,-0.78,
2025-03-15 00:20:02.706,82,788,196,781,202,4.74,4.3,0,0,420,475,-8.28,1.18,0.89,
2025-03-15 00:20:02.739,83,760,191,764,200,3.01,2.62,0,0,1089,407,4.28,-3.87,1.35,
2025-03-15 00:20:02.772,84,730,363,723,361,3.77,3.86,0,0,627,190,-6.08,-3.44,-1.74,
2025-03-15 00:20:02.805,85,540,390,542,393,3.55,3.59,0,0,1184,492,3.8,-0.63,2.31,
2025-03-15 00:20:02.838,86,527,195,528,196,2.55,2.28,0,0,687,633,-2.19,-1.03,0.7,
2025-03-15 00:20:02.871,87,634,187,636,182,4.48,4.62,0,0,693,322,-1.68,2.44,-0.43,
2025-03-15 00:20:02.904,88,700,177,703,183,2.67,2.99,1,1,682,660,-0.62,0.81,-1.91,
2025-03-15 00:20:02.937,89,767,387,776,395,3.69,3.23,0,0,803,740,-2.65,-1.12,2.65,
2025-03-15 00:20:02.970,90,532,219,539,227,3.9,3.9,0,0,1064,684,-7.99,-3.29,1.53,
2025-03-15 00:20:03.003,91,547,264,542,269,4.07,4.26,0,0,465,439,-3.81,-2.73,-1.75,
2025-03-15 00:20:03.036,92,561,281,561,282,4.22,3.97,0,0,1048,664,3.27,0.76,-0.97,
2025-03-15 00:20:03.069,93,715,322,706,323,3.13,2.94,0,0,1003,455,3.32,-0.77,1.86,
2025-03-15 00:20:03.102,94,792,106,800,115,2.52,2.64,0,0,836,267,-4.28,0.15,1.17,
2025-03-15 00:20:03.135,95,598,362,606,357,4.31,4.71,0,0,658,656,-0.8,-3.29,1.59,
2025-03-15 00:20:03.168,96,671,260,665,253,3.84,4.15,0,0,502,551,-6.13,1.63,-0.35,
2025-03-15 00:20:03.201,97,713,250,721,245,4.59,4.67,0,0,966,204,-5.79,3.53,1.3,
2025-03-15 00:20:03.234,98,534,184,525,184,4.55,4.78,0,0,1168,249,-9.54,-2.42,-0.68,
2025-03-15 00:20:03.267,99,726,246,725,236,4.61,4.47,0,0,500,245,7.93,-0.08,-1.73,
2025-03-15 00:20:03.300,100,600,211,591,215,3.71,3.85,0,0,597,398,-5.79,4.76,0.8,
2025-03-15 00:20:03.333,101,630,135,630,135,3.33,3.3,0,0,625,266,-5.45,-1.67,2.86,
2025-03-15 00:20:03.366,102,756,384,763,392,4.48,4.17,0,0,862,745,-4.41,0.95,-1.14,
2025-03-15 00:20:03.399,103,504,287,508,294,3.63,3.83,0,0,636,147,-7.45,-4.1,-0.23,
2025-03-15 00:20:03.432,104,717,181,715,187,2.96,3.02,0,0,425,737,2.79,1.06,1.04,
2025-03-15 00:20:03.465,105,754,101,762,109,4.64,4.5,0,0,332,472,-8.5,-4.1,0.25,
2025-03-15 00:20:03.498,106,782,296,780,299,4.71,5.12,0,0,905,106,-7.32,4.59,2.06,
2025-03-15 00:20:03.531,107,706,110,698,117,3.67,3.19,0,0,581,563,2.9,2.16,1.57,
2025-03-15 00:20:03.564,108,514,333,512,341,2.69,2.51,0,0,1110,552,-3.21,2.88,-2.65,
2025-03-15 00:20:03.597,109,541,294,544,298,3.47,3.03,0,0,1166,470,4.16,2.04,2.99,
2025-03-15 00:20:03.630,110,678,218,686,222,4.51,4.78,0,0,1033,648,1.15,0.9,1.51,
2025-03-15 00:20:03.663,111,562,119,558,112,4.75,4.96,0,0,942,586,-4.88,-0.5,2.18,
2025-03-15 00:20:03.696,112,730,360,735,356,3.01,2.84,0,0,714,310,3.02,3.58,0.91,
2025-03-15 00:20:03.729,113,740,392,745,394,2.67,2.84,0,0,1196,264,-7.67,4.57,2.14,
2025-03-15 00:20:03.762,114,551,355,541,347,4.69,4.59,0,0,1017,224,0.73,-0.01,-2.33,
2025-03-15 00:20:03.795,115,595,321,588,326,3.47,3.73,0,0,1135,436,-1.26,4.32,-0.91,
2025-03-15 00:20:03.828,116,721,325,714,323,3.85,3.81,0,0,672,291,-4.64,0.83,2.26,
2025-03-15 00:20:03.861,117,730,152,726,149,4.92,4.83,0,0,631,313,2.08,0.38,-1.79,
2025-03-15 00:20:03.894,118,736,379,733,388,2.67,3.1,0,0,819,673,7.43,-0.46,-2.53,
2025-03-15 00:20:03.927,119,642,180,648,182,4.12,3.87,0,0,1167,427,9.98,-2.91,1.73,
2025-03-15 00:20:03.960,120,670,301,664,307,2.69,2.31,0,0,841,480,2.16,-4.96,2.01,
2025-03-15 00:20:03.993,121,528,257,524,263,3.44,3.52,0,0,895,772,-1.91,-2.58,-2.02,
2025-03-15 00:20:04.026,122,535,219,544,225,4.51,4.98,0,0,423,677,-5.5,0.1,2.13,
2025-03-15 00:20:04.059,123,512,158,521,148,3.58,3.46,0,0,453,189,-4.86,-1.2,1.12,
2025-03-15 00:20:04.092,124,659,314,652,311,4.99,4.55,1,1,1102,631,-0.41,-0.52,0.12,
2025-03-15 00:20:04.125,125,686,227,681,235,3.9,3.74,0,0,901,799,-2.65,4.81,1.98,
2025-03-15 00:20:04.158,126,742,323,738,318,3.3,3.31,0,0,424,181,8.28,-1.5,-0.48,
2025-03-15 00:20:04.191,127,585,308,592,300,3.05,2.71,1,1,586,462,-2.63,-0.48,-1.84,
2025-03-15 00:20:04.224,128,783,214,777,208,3.38,3.53,0,0,687,604,-2.53,-3.66,-1.29,
2025-03-15 00:20:04.257,129,565,308,574,310,3.43,3.93,0,0,1027,301,-2.33,-4.52,0.03,
2025-03-15 00:20:04.290,130,669,113,661,117,2.67,2.62,0,0,737,603,6.73,2.75,0.19,
2025-03-15 00:20:04.323,131,544,108,540,111,3.42,3.28,0,0,436,743,3.02,0.71,1.83,
2025-03-15 00:20:04.356,132,561,139,564,144,3.66,3.56,0,0,1193,136,2.28,2.61,1.75,
2025-03-15 00:20:04.389,133,633,336,629,343,4.31,3.92,0,0,536,743,-3.32,-3.5,0.49,
2025-03-15 00:20:04.422,134,783,380,777,380,4.14,4.53,0,0,907,688,6.36,0.72,1.68,
2025-03-15 00:20:04.455,135,527,300,521,292,4.27,4.19,0,0,626,700,-9.23,-2.46,-1.85,
2025-03-15 00:20:04.488,136,607,345,598,344,2.52,2.41,0,0,719,501,7.42,-2.72,-2.7,
2025-03-15 00:20:04.521,137,543,377,538,376,3.04,3.2,0,0,581,275,0.25,-4.88,2.24,
2025-03-15 00:20:04.554,138,785,334,789,339,4.15,4.1,0,0,485,644,-2.03,-3.7,-2.55,
2025-03-15 00:20:04.587,139,627,103,626,104,3.71,3.86,0,0,866,669,-0.06,-1.91,-1.52,
2025-03-15 00:20:04.620,140,730,253,726,244,2.51,2.07,0,0,619,648,3.35,-3.83,1.17,
2025-03-15 00:20:04.653,141,689,128,683,126,4.51,4.82,0,0,634,300,-9.74,4.86,-0.54,
2025-03-15 00:20:04.686,142,724,208,714,200,4.43,4.87,0,0,1178,639,7.43,-1.91,2.26,
2025-03-15 00:20:04.719,143,782,197,784,201,3.87,4.02,0,0,1198,646,-1.07,-3.7,-1.21,
2025-03-15 00:20:04.752,144,620,314,627,306,2.67,3.12,0,0,832,736,-3.14,-3.01,-2.93,
2025-03-15 00:20:04.785,145,615,392,617,400,4.42,4.07,0,0,895,493,-7.24,0.88,-1.2,
2025-03-15 00:20:04.818,146,732,174,739,181,3.96,3.94,0,0,499,141,-1.21,-4.36,0.47,
2025-03-15 00:20:04.851,147,758,245,752,242,4.45,4.56,0,0,998,696,-0.07,3.62,-0.74,
2025-03-15 00:20:04.884,148,697,227,699,233,4.38,4.46,0,0,802,492,-1.93,4.61,0.21,
2025-03-15 00:20:04.917,149,636,141,629,138,4.51,4.41,0,0,795,799,3.57,-2.53,2.26,
2025-03-15 00:20:04.950,150,664,140,670,136,3.8,3.63,0,0,926,722,-1.58,-0.5,2.47,
2025-03-15 00:20:04.983,151,724,133,716,129,2.85,2.48,0,0,814,540,9.23,-4.78,-1.4,
2025-03-15 00:20:05.016,152,733,116,739,108,4.18,4.07,0,0,1012,716,1.99,1.41,-0.23,
2025-03-15 00:20:05.049,153,671,264,671,254,4.05,3.71,0,0,1076,605,6.15,-0.86,0.29,
2025-03-15 00:20:05.082,154,651,252,660,245,4.36,4.59,0,0,862,419,-7.81,-2.3,2.69,
2025-03-15 00:20:05.115,155,659,175,652,169,2.92,2.63,0,0,940,652,-2.05,-2.93,2.99,
2025-03-15 00:20:05.148,156,595,186,586,176,2.99,2.55,0,0,1025,314,-3.26,1.54,-1.59,
2025-03-15 00:20:05.181,157,732,216,741,220,4.73,4.78,0,0,1018,170,1.39,-0.84,1.36,
2025-03-15 00:20:05.214,158,679,126,684,120,4.37,4.47,0,0,627,767,7.22,-3.2,-0.73,
2025-03-15 00:20:05.247,159,612,386,619,388,4.77,5.14,0,0,529,335,-8.43,1.89,-2.95,
2025-03-15 00:20:05.280,160,551,233,548,230,4.4,4.47,0,0,483,380,-8.55,0.65,-2.94,
2025-03-15 00:20:05.313,161,767,318,759,315,3.99,3.84,0,0,670,716,7.01,3.59,-0.24,
2025-03-15 00:20:05.346,162,794,267,792,261,4.14,4.44,0,0,643,261,-5.74,-3.83,-0.07,
2025-03-15 00:20:05.379,163,612,197,621,195,4.72,4.76,1,1,787,290,3.38,2.86,-2.86,
2025-03-15 00:20:05.412,164,600,367,595,357,3.95,3.53,0,0,613,108,0.86,1.74,1.12,
2025-03-15 00:20:05.445,165,612,336,611,329,4.08,4.15,0,0,565,159,6.66,-3.85,-1.24,
2025-03-15 00:20:05.478,166,580,272,579,264,2.89,3.3,0,0,1190,324,-7.5,1.95,0.36,
2025-03-15 00:20:05.511,167,686,289,688,280,3.68,3.58,0,0,458,799,-7.4,-0.58,-1.19,
2025-03-15 00:20:05.544,168,612,221,618,218,4.29,4.09,0,0,1001,681,1.14,4.45,-2.0,
2025-03-15 00:20:05.577,169,501,145,499,143,3.18,2.82,0,0,903,386,8.93,-3.58,-0.56,
2025-03-15 00:20:05.610,170,629,163,635,154,3.01,2.66,0,0,1105,268,-1.7,1.43,-1.61,
2025-03-15 00:20:05.643,171,719,229,717,232,3.28,3.22,0,0,522,161,-3.46,-1.18,0.21,
2025-03-15 00:20:05.676,172,553,292,551,295,3.1,3.2,0,0,1047,448,2.13,4.57,-1.81,
2025-03-15 00:20:05.709,173,723,280,713,273,3.04,2.62,0,0,812,541,8.61,-1.7,0.05,
2025-03-15 00:20:05.742,174,724,391,715,386,3.56,4.0,1,1,538,113,6.74,4.62,-2.06,
2025-03-15 00:20:05.775,175,625,381,630,381,4.77,5.02,0,0,655,220,9.91,4.01,1.03,
2025-03-15 00:20:05.808,176,629,128,619,120,3.77,3.85,0,0,673,519,-9.55,-2.3,1.52,
2025-03-15 00:20:05.841,177,552,248,551,245,2.97,3.3,0,0,838,619,-7.74,3.04,-2.34,
2025-03-15 00:20:05.874,178,671,366,678,358,2.69,2.27,0,0,961,765,2.19,4.96,-0.19,
2025-03-15 00:20:05.907,179,717,395,714,398,4.24,4.22,0,0,517,647,6.41,-2.47,-2.57,
2025-03-15 00:20:05.940,180,659,110,659,112,3.46,3.59,0,0,1113,659,-4.3,-0.63,0.59,
2025-03-15 00:20:05.973,181,697,263,688,265,4.55,4.88,0,0,882,696,-5.22,0.2,-1.41,
2025-03-15 00:20:06.006,182,746,212,743,203,4.15,4.43,0,0,794,127,5.74,-2.05,0.17,
2025-03-15 00:20:06.039,183,702,286,699,288,4.49,4.27,0,0,1102,545,-8.87,-4.85,0.1,
2025-03-15 00:20:06.072,184,683,394,689,402,3.18,3.62,0,0,859,307,-2.61,-2.8,2.55,
2025-03-15 00:20:06.105,185,622,331,626,326,4.23,3.86,0,0,1092,569,0.12,-2.18,0.29,
2025-03-15 00:20:06.138,186,754,326,760,331,3.16,3.54,0,0,477,203,1.21,-0.56,0.5,
2025-03-15 00:20:06.171,187,793,197,795,188,4.85,5.32,1,1,811,525,4.57,-3.29,-0.59,
2025-03-15 00:20:06.204,188,779,154,787,151,4.09,3.77,0,0,474,200,-2.9,3.73,2.69,
2025-03-15 00:20:06.237,189,597,210,591,216,3.31,3.53,0,0,694,640,2.25,2.05,1.66,
2025-03-15 00:20:06.270,190,697,251,698,242,3.17,2.71,0,0,1192,738,1.71,-4.15,-1.29,
2025-03-15 00:20:06.303,191,739,345,729,344,2.98,2.88,0,0,420,621,0.95,1.5,2.07,
2025-03-15 00:20:06.336,192,643,168,637,173,4.24,4.25,0,0,570,205,2.81,1.54,-0.41,
2025-03-15 00:20:06.369,193,596,388,593,383,3.05,3.13,0,0,455,903,-4.81,4.56,1.97,
2025-03-15 00:20:06.402,194,700,349,702,340,3.99,4.42,0,0,610,376,-8.31,-4.97,1.94,
2025-03-15 00:20:06.435,195,623,135,620,126,3.16,3.33,0,0,959,164,-7.61,-2.52,-1.87,
2025-03-15 00:20:06.468,196,686,338,686,340,4.15,4.14,0,0,485,287,-5.51,4.28,1.21,
2025-03-15 00:20:06.501,197,758,247,748,251,4.54,4.85,0,0,548,416,0.0,4.32,-1.26,
2025-03-15 00:20:06.534,198,647,326,649,317,4.45,4.9,0,0,1099,237,6.81,2.21,-1.22,
2025-03-15 00:20:06.567,199,751,343,759,339,4.4,3.92,0,0,771,442,4.03,2.66,-1.22,
2025-03-15 00:20:06.600,200,646,300,638,292,2.97,3.45,0,0,879,204,5.78,-4.09,1.35,
2025-03-15 00:20:06.633,201,647,253,653,250,2.72,2.31,0,0,550,645,-2.98,0.14,-1.62,
2025-03-15 00:20:06.666,202,698,172,692,175,4.25,4.56,0,0,540,479,-1.91,-2.68,-2.99,
2025-03-15 00:20:06.699,203,627,300,636,296,3.42,3.2,1,1,468,209,-2.13,-3.19,1.29,
2025-03-15 00:20:06.732,204,538,395,535,391,3.58,3.21,0,0,659,644,-6.16,3.1,-1.97,
2025-03-15 00:20:06.765,205,628,116,631,106,2.58,2.52,0,0,920,453,-8.78,-3.65,-2.37,
2025-03-15 00:20:06.798,206,766,228,759,234,3.15,3.29,0,0,1032,416,1.82,-0.31,-1.57,
2025-03-15 00:20:06.831,207,650,316,650,314,2.58,2.47,0,0,770,365,9.78,4.39,-0.72,
2025-03-15 00:20:06.864,208,797,160,806,162,4.7,4.25,0,0,818,793,-6.66,-3.14,-0.14,
2025-03-15 00:20:06.897,209,598,203,602,211,3.11,3.21,1,1,500,164,-9.07,4.78,-2.73,
2025-03-15 00:20:06.930,210,762,141,770,149,3.89,4.3,0,0,867,461,5.59,4.94,2.82,
2025-03-15 00:20:06.963,211,751,124,747,130,2.6,2.48,0,0,1057,612,-4.95,0.56,1.3,
2025-03-15 00:20:06.996,212,643,138,651,137,4.17,3.88,0,0,642,232,6.59,-3.3,-1.06,
2025-03-15 00:20:07.029,213,611,390,619,389,3.31,3.25,0,0,1152,691,4.08,-1.84,-1.09,
2025-03-15 00:20:07.062,214,559,230,559,223,4.74,4.29,0,0,911,639,8.91,-0.76,-0.31,
2025-03-15 00:20:07.095,215,501,328,495,325,4.72,5.04,0,0,954,634,-1.82,-1.91,0.76,
2025-03-15 00:20:07.128,216,753,207,747,216,3.31,3.64,0,0,494,595,3.24,-2.19,-2.12,
2025-03-15 00:20:07.161,217,639,271,636,280,4.75,4.84,0,0,625,720,-0.7,4.72,-1.87,
2025-03-15 00:20:07.194,218,536,201,535,208,4.99,4.84,0,0,917,718,2.61,-3.47,2.16,
2025-03-15 00:20:07.227,219,659,111,654,114,4.56,4.86,0,0,613,756,-1.01,2.33,-1.46,
2025-03-15 00:20:07.260,220,508,374,512,381,4.61,4.67,0,0,1117,468,-6.23,-5.0,-0.72,
2025-03-15 00:20:07.293,221,732,200,737,203,3.12,3.45,0,0,466,750,0.16,0.96,2.23,
2025-03-15 00:20:07.326,222,598,143,604,152,3.94,4.07,0,0,795,198,0.57,4.16,0.98,
2025-03-15 00:20:07.359,223,646,116,643,120,2.67,2.95,0,0,1011,416,6.21,-2.12,-0.95,
2025-03-15 00:20:07.392,224,707,156,704,149,2.74,2.84,0,0,411,222,4.71,-3.14,1.1,
2025-03-15 00:20:07.425,225,630,111,628,113,5.0,4.91,0,0,636,419,3.28,1.52,-2.88,
2025-03-15 00:20:07.458,226,651,179,642,176,3.32,3.77,0,0,1169,692,-7.73,2.13,1.41,
2025-03-15 00:20:07.491,227,553,315,557,322,4.37,4.41,0,0,798,594,4.41,1.88,-0.08,
2025-03-15 00:20:07.524,228,619,363,626,364,4.52,4.62,0,0,909,618,0.01,-1.81,1.88,
2025-03-15 00:20:07.557,229,660,248,652,251,4.65,4.37,0,0,879,621,7.88,-2.48,2.73,
2025-03-15 00:20:07.590,230,615,180,621,171,4.99,5.12,0,0,1046,619,8.4,4.56,2.55,
2025-03-15 00:20:07.623,231,574,314,567,321,3.1,3.18,0,0,621,414,-8.9,4.23,2.46,
2025-03-15 00:20:07.656,232,612,297,605,288,2.6,2.29,0,0,555,641,6.41,-0.43,0.07,
2025-03-15 00:20:07.689,233,603,299,606,299,3.53,3.09,0,0,1053,578,-9.25,3.46,-0.84,
2025-03-15 00:20:07.722,234,753,124,751,122,2.83,2.93,0,0,827,119,-2.66,-0.48,-0.21,
2025-03-15 00:20:07.755,235,726,188,724,189,2.56,2.82,0,0,557,659,0.85,-0.76,1.14,
2025-03-15 00:20:07.788,236,611,367,618,373,3.4,3.42,1,1,815,229,-7.04,-3.43,2.3,
2025-03-15 00:20:07.821,237,598,242,597,246,4.46,4.19,0,0,725,392,4.93,-0.74,-1.76,
2025-03-15 00:20:07.854,238,652,158,645,164,3.92,4.08,0,0,770,231,-9.83,0.37,2.51,
2025-03-15 00:20:07.887,239,693,125,694,132,3.28,2.86,0,0,743,455,-6.63,-4.77,1.89,
2025-03-15 00:20:07.920,240,662,146,659,141,4.14,4.08,1,1,661,153,1.62,-0.56,2.87,
2025-03-15 00:20:07.953,241,707,387,698,393,3.08,2.74,0,0,682,486,4.29,2.81,2.28,
2025-03-15 00:20:07.986,242,668,365,670,372,2.54,2.22,0,0,628,364,8.33,1.8,-1.32,
2025-03-15 00:20:08.019,243,660,115,665,112,4.41,4.11,0,0,679,314,4.11,1.35,-2.36,
2025-03-15 00:20:08.052,244,567,298,558,296,4.06,3.95,0,0,689,559,3.44,4.1,-2.33,
2025-03-15 00:20:08.085,245,788,381,788,376,4.41,3.96,0,0,1079,557,-2.11,-4.82,-1.25,
2025-03-15 00:20:08.118,246,776,185,775,179,2.6,2.5,1,1,586,284,-9.97,0.57,0.69,
2025-03-15 00:20:08.151,247,634,349,638,350,4.59,4.6,0,0,1114,685,-7.6,2.87,1.83,
2025-03-15 00:20:08.184,248,694,369,700,369,4.05,4.03,0,0,613,377,0.69,0.41,2.4,
2025-03-15 00:20:08.217,249,627,216,624,206,3.91,3.79,0,0,1157,229,3.5,-1.76,0.74,
2025-03-15 00:20:08.250,250,532,106,539,106,4.06,4.4,0,0,423,449,-1.65,-3.64,-2.97,
2025-03-15 00:20:08.283,251,675,236,673,244,4.66,4.31,0,0,720,643,4.61,3.88,-1.88,
2025-03-15 00:20:08.316,252,521,275,518,273,3.97,3.97,0,0,673,205,0.44,-0.29,-2.4,
2025-03-15 00:20:08.349,253,737,314,740,305,3.95,3.51,0,0,955,100,-8.52,3.78,-0.82,
2025-03-15 00:20:08.382,254,657,181,664,182,4.98,4.55,0,0,712,683,-6.16,0.86,0.01,
2025-03-15 00:20:08.415,255,537,322,546,315,4.39,4.47,0,0,762,531,6.8,1.74,-2.74,
2025-03-15 00:20:08.448,256,729,202,738,195,3.61,3.67,0,0,1067,405,4.5,3.04,-0.91,
2025-03-15 00:20:08.481,257,550,372,551,379,4.27,4.65,1,1,779,626,7.9,1.59,-1.92,
2025-03-15 00:20:08.514,258,763,113,771,117,3.47,3.53,0,0,1110,152,-7.65,-1.02,0.88,
2025-03-15 00:20:08.547,259,782,258,785,266,3.07,3.53,0,0,1073,619,9.8,0.14,-0.21,
2025-03-15 00:20:08.580,260,526,251,532,253,3.99,3.54,0,0,869,429,-5.81,3.03,-0.03,
2025-03-15 00:20:08.613,261,725,207,717,215,4.82,4.42,0,0,1145,657,-9.76,-1.26,-0.43,
2025-03-15 00:20:08.646,262,776,287,772,293,4.82,4.37,0,0,1074,424,9.95,-1.12,2.74,
2025-03-15 00:20:08.679,263,785,197,791,192,3.35,3.04,0,0,357,134,-4.38,-4.04,-1.71,
2025-03-15 00:20:08.712,264,596,230,597,235,3.82,3.86,0,0,1004,246,3.36,4.15,0.1,
2025-03-15 00:20:08.745,265,783,392,781,393,3.03,3.17,0,0,441,265,-6.47,-4.09,1.42,
2025-03-15 00:20:08.778,266,646,270,650,278,4.99,4.53,0,0,1195,478,1.6,1.48,0.34,
2025-03-15 00:20:08.811,267,503,282,510,276,4.95,5.4,1,1,778,238,8.08,-0.87,2.57,
2025-03-15 00:20:08.844,268,534,138,536,144,4.12,4.47,0,0,1121,728,-3.6,-0.94,-0.73,
2025-03-15 00:20:08.877,269,691,114,688,104,4.51,4.31,0,0,605,398,3.41,1.8,-0.22,
2025-03-15 00:20:08.910,270,548,103,551,102,4.29,3.86,0,0,865,375,-6.24,-4.33,-2.47,
2025-03-15 00:20:08.943,271,516,309,513,313,3.98,3.65,0,0,1131,277,2.5,0.94,0.65,
2025-03-15 00:20:08.976,272,671,260,674,260,2.63,2.26,0,0,679,453,-3.27,2.72,-1.27,
2025-03-15 00:20:09.009,273,719,115,715,117,3.64,3.26,0,0,1047,253,-5.78,3.28,-2.04,
2025-03-15 00:20:09.042,274,657,207,658,201,4.19,4.21,1,1,1017,300,-3.74,-3.29,0.27,
2025-03-15 00:20:09.075,275,545,326,545,316,4.19,3.94,0,0,517,214,-6.42,3.97,0.19,
2025-03-15 00:20:09.108,276,505,269,505,270,3.43,3.29,0,0,636,770,8.04,1.56,-2.54,
2025-03-15 00:20:09.141,277,598,133,600,133,4.85,5.34,0,0,708,653,-2.06,3.82,1.19,
2025-03-15 00:20:09.174,278,732,350,739,356,2.92,3.1,0,0,855,167,-5.09,-0.15,0.74,
2025-03-15 00:20:09.207,279,536,346,527,339,3.75,4.2,0,0,874,544,-1.03,0.42,-1.87,
2025-03-15 00:20:09.240,280,779,368,783,372,4.23,3.87,1,1,499,544,-3.59,4.19,-0.18,
2025-03-15 00:20:09.273,281,680,240,689,238,4.24,4.12,0,0,703,557,4.89,4.0,1.32,
2025-03-15 00:20:09.306,282,594,373,601,382,4.12,4.18,0,0,704,701,9.42,-0.52,0.18,
2025-03-15 00:20:09.339,283,598,195,602,203,3.19,2.76,0,0,753,722,-1.24,-2.26,-0.63,
2025-03-15 00:20:09.372,284,687,326,695,334,2.89,2.39,0,0,685,458,7.22,-1.07,-1.07,
2025-03-15 00:20:09.405,285,615,138,616,139,4.09,4.26,0,0,727,244,1.32,-1.12,0.66,
2025-03-15 00:20:09.438,286,690,128,692,122,4.0,4.14,0,0,502,374,-6.86,-2.13,2.63,
2025-03-15 00:20:09.471,287,752,344,752,343,2.95,2.86,0,0,462,608,3.81,-2.31,1.03,
2025-03-15 00:20:09.504,288,660,335,654,341,4.26,4.25,1,1,1086,278,0.27,3.61,-2.55,
2025-03-15 00:20:09.537,289,755,284,745,278,3.64,3.55,0,0,681,576,3.01,-4.3,-0.24,
2025-03-15 00:20:09.570,290,627,371,619,376,4.17,3.69,0,0,840,513,7.79,1.78,2.34,
2025-03-15 00:20:09.603,291,517,335,525,331,4.59,4.43,0,0,692,252,-1.19,-3.27,-2.43,
2025-03-15 00:20:09.636,292,780,338,776,336,2.92,2.6,0,0,1137,203,8.02,-1.55,2.93,
2025-03-15 00:20:09.669,293,722,365,723,357,2.55,2.15,0,0,406,174,5.01,-4.38,2.69,
2025-03-15 00:20:09.702,294,553,164,557,168,4.45,4.9,0,0,1038,227,-0.23,-2.3,-2.53,
2025-03-15 00:20:09.735,295,557,276,551,281,4.02,4.12,0,0,491,765,2.06,2.68,2.6,
2025-03-15 00:20:09.768,296,673,102,677,109,4.25,4.48,0,0,589,667,-3.49,3.85,-0.82,
2025-03-15 00:20:09.801,297,779,241,776,244,4.6,4.41,0,0,875,444,9.67,-2.78,2.07,
2025-03-15 00:20:09.834,298,613,257,612,249,4.51,4.4,0,0,890,654,3.35,-0.36,-0.49,
2025-03-15 00:20:09.867,299,787,245,792,246,4.9,4.64,0,0,861,258,-9.12,-0.3,-0.35,
2025-03-15 00:20:09.900,300,650,392,647,390,3.84,3.44,0,0,452,637,-3.47,3.74,0.81,
2025-03-15 00:20:09.933,301,626,252,616,248,3.72,3.4,0,0,1153,525,2.47,2.63,1.65,
2025-03-15 00:20:09.966,302,654,292,655,290,3.5,3.8,0,0,885,780,-8.87,0.13,-2.8,
2025-03-15 00:20:09.999,303,772,172,766,174,2.88,3.06,0,0,1043,122,-9.52,1.71,0.56,
2025-03-15 00:20:10.032,304,603,239,595,246,3.93,3.98,0,0,889,146,-1.0,3.47,-1.88,
2025-03-15 00:20:10.065,305,798,286,788,280,3.19,3.17,0,0,763,624,-3.35,-4.9,-0.92,
2025-03-15 00:20:10.098,306,745,392,738,394,4.8,5.23,0,0,511,243,-1.23,-0.97,-0.91,
2025-03-15 00:20:10.131,307,675,160,672,153,3.96,3.53,0,0,808,684,-4.75,4.07,-0.19,
2025-03-15 00:20:10.164,308,538,297,530,288,3.98,3.76,0,0,406,767,-6.71,2.4,-1.0,
2025-03-15 00:20:10.197,309,669,394,668,399,3.39,3.24,0,0,1141,688,3.78,0.43,-2.36,
2025-03-15 00:20:10.230,310,746,110,737,108,2.63,2.91,1,1,1067,518,0.29,0.3,-2.13,
2025-03-15 00:20:10.263,311,525,161,525,159,2.58,3.07,0,0,596,780,-6.0,-1.52,-2.8,
2025-03-15 00:20:10.296,312,512,325,511,320,3.56,3.3,0,0,1134,184,-3.61,0.21,-0.18,
2025-03-15 00:20:10.329,313,535,252,538,252,2.71,3.09,0,0,766,515,1.84,1.55,2.73,
2025-03-15 00:20:10.362,314,672,298,668,288,4.02,4.35,0,0,649,793,-8.56,-0.82,-2.31,
2025-03-15 00:20:10.395,315,519,151,510,144,4.7,4.43,0,0,994,581,-7.05,2.14,2.68,
2025-03-15 00:20:10.428,316,763,359,761,361,4.71,4.61,0,0,523,527,-8.54,3.61,1.4,
2025-03-15 00:20:10.461,317,641,158,646,160,4.15,4.06,0,0,779,396,6.25,-3.45,0.82,
2025-03-15 00:20:10.494,318,642,171,644,173,3.03,3.51,0,0,870,211,5.05,-0.48,0.87,
2025-03-15 00:20:10.527,319,591,247,589,238,4.66,4.34,0,0,1174,329,5.07,-0.92,1.96,
2025-03-15 00:20:10.560,320,787,162,796,160,4.72,5.01,0,0,1100,195,4.33,1.87,-2.36,
2025-03-15 00:20:10.593,321,714,342,707,339,2.99,2.83,0,0,854,779,3.39,-2.5,0.03,
2025-03-15 00:20:10.626,322,550,206,549,202,4.34,4.57,0,0,765,477,-0.46,1.4,1.18,
2025-03-15 00:20:10.659,323,652,325,653,318,3.22,3.14,0,0,689,255,2.85,3.77,0.52,
2025-03-15 00:20:10.692,324,685,317,691,324,4.51,4.58,1,1,802,520,-9.23,-0.82,2.0,
2025-03-15 00:20:10.725,325,562,340,565,332,4.99,5.33,1,1,457,204,2.43,4.11,-2.57,
2025-03-15 00:20:10.758,326,689,358,692,353,2.58,2.88,0,0,920,429,5.56,4.93,1.14,
2025-03-15 00:20:10.791,327,624,361,615,362,4.74,5.11,0,0,703,538,0.01,-3.94,0.2,
2025-03-15 00:20:10.824,328,649,104,658,105,4.06,3.62,0,0,514,231,-2.85,-2.67,-0.73,
2025-03-15 00:20:10.857,329,557,360,557,357,4.93,5.13,1,1,609,481,-4.45,4.5,-0.96,
2025-03-15 00:20:10.890,330,679,153,684,143,3.66,3.3,0,0,440,237,2.86,4.58,0.72,
2025-03-15 00:20:10.923,331,669,146,677,139,4.62,4.53,0,0,572,369,3.86,-4.02,2.35,
2025-03-15 00:20:10.956,332,770,314,765,314,2.66,2.7,0,0,633,649,7.42,-4.85,-0.02,
2025-03-15 00:20:10.989,333,553,276,561,268,3.34,3.24,0,0,1146,571,-3.15,-3.39,1.95,
2025-03-15 00:20:11.022,334,600,108,594,110,2.67,2.69,0,0,989,656,5.4,4.96,-0.59,
2025-03-15 00:20:11.055,335,763,198,756,204,4.94,5.43,0,0,1019,563,1.23,-3.2,-2.39,
2025-03-15 00:20:11.088,336,552,119,556,118,4.54,4.18,0,0,1192,774,7.66,0.03,-2.63,
2025-03-15 00:20:11.121,337,559,340,552,341,4.63,4.81,0,0,802,549,0.56,3.48,-2.69,
2025-03-15 00:20:11.154,338,607,160,616,164,4.84,4.74,0,0,438,430,0.35,-4.8,-0.72,
2025-03-15 00:20:11.187,339,504,277,503,276,2.71,2.35,0,0,518,352,1.56,1.04,-0.98,
2025-03-15 00:20:11.220,340,602,161,594,164,3.46,3.12,0,0,734,780,4.99,-2.23,1.31,
2025-03-15 00:20:11.253,341,695,244,689,246,2.68,3.13,0,0,735,384,9.29,3.62,1.46,
2025-03-15 00:20:11.286,342,761,315,756,309,3.03,3.41,0,0,938,373,-8.53,-2.17,-2.69,
2025-03-15 00:20:11.319,343,546,102,543,97,3.07,3.48,0,0,1015,119,-8.93,1.87,-1.67,
2025-03-15 00:20:11.352,344,643,259,639,250,3.67,4.16,0,0,473,338,8.75,1.74,-1.35,
2025-03-15 00:20:11.385,345,768,326,767,332,3.17,2.88,1,1,590,369,0.6,-2.79,0.29,
2025-03-15 00:20:11.418,346,623,368,618,361,2.75,2.61,0,0,723,517,2.3,-4.65,-2.13,
2025-03-15 00:20:11.451,347,605,219,608,222,2.92,3.09,0,0,546,409,-0.35,-0.91,-2.2,
2025-03-15 00:20:11.484,348,657,188,650,187,2.87,2.85,0,0,1166,130,-8.13,-2.11,2.66,
2025-03-15 00:20:11.517,349,646,167,648,159,4.93,4.85,1,1,683,203,5.36,3.09,1.83,
2025-03-15 00:20:11.550,350,644,197,653,189,4.4,4.26,0,0,612,781,4.94,3.0,-1.92,
2025-03-15 00:20:11.583,351,619,366,625,370,4.92,5.01,0,0,1108,217,-3.77,-0.43,-0.56,
2025-03-15 00:20:11.616,352,774,204,770,199,3.6,3.67,0,0,1117,227,-3.88,1.07,-0.87,
2025-03-15 00:20:11.649,353,591,222,584,228,3.2,2.86,0,0,1151,309,6.76,1.04,1.75,
2025-03-15 00:20:11.682,354,557,128,560,129,4.5,4.47,0,0,793,513,-8.55,3.27,0.06,
2025-03-15 00:20:11.715,355,728,236,720,245,3.32,3.37,0,0,738,380,7.62,-0.75,-2.23,
2025-03-15 00:20:11.748,356,616,294,610,294,3.25,3.32,0,0,1197,352,-4.87,-2.25,1.43,
2025-03-15 00:20:11.781,357,778,325,783,318,3.08,2.79,0,0,421,118,1.86,-2.35,-0.62,
2025-03-15 00:20:11.814,358,626,269,635,264,2.82,3.07,0,0,1170,235,8.72,0.36,-1.42,
2025-03-15 00:20:11.847,359,628,108,621,98,3.14,2.67,0,0,504,322,3.56,-0.51,-0.75,
2025-03-15 00:20:11.880,360,557,139,548,148,3.39,3.24,0,0,865,102,-1.71,-0.6,-0.01,
2025-03-15 00:20:11.913,361,621,124,628,129,4.18,4.47,0,0,858,335,3.79,-4.09,-0.94,
2025-03-15 00:20:11.946,362,500,360,508,364,2.66,2.72,0,0,831,564,-3.12,2.19,-1.55,
2025-03-15 00:20:11.979,363,738,325,746,331,3.03,2.79,0,0,1169,327,-4.45,-2.86,-0.61,
2025-03-15 00:20:12.012,364,789,223,795,220,4.52,4.72,0,0,1115,753,9.93,-3.03,-2.88,
2025-03-15 00:20:12.045,365,595,137,598,138,2.87,2.93,0,0,1173,598,5.02,-0.87,1.63,
2025-03-15 00:20:12.078,366,625,350,633,349,3.36,3.65,1,1,1018,620,2.89,-2.72,-1.97,
2025-03-15 00:20:12.111,367,617,275,619,279,4.66,4.9,0,0,1162,776,-2.89,0.84,-2.74,
2025-03-15 00:20:12.144,368,547,189,548,187,2.89,3.0,0,0,620,238,-9.02,-1.29,0.92,
2025-03-15 00:20:12.177,369,588,136,583,127,2.71,2.7,0,0,600,477,-9.38,-0.51,1.64,
2025-03-15 00:20:12.210,370,736,275,729,269,3.71,3.34,0,0,621,390,1.08,0.37,1.88,
2025-03-15 00:20:12.243,371,771,383,779,378,3.26,3.02,0,0,657,152,5.24,-2.96,-0.04,
2025-03-15 00:20:12.276,372,688,180,693,176,3.91,3.83,0,0,1112,786,0.75,-3.44,-1.77,
2025-03-15 00:20:12.309,373,691,213,693,203,4.51,4.61,0,0,766,209,6.82,3.8,1.42,
2025-03-15 00:20:12.342,374,568,139,561,135,2.84,2.86,0,0,1169,747,-9.33,-0.66,1.2,
2025-03-15 00:20:12.375,375,777,323,783,332,3.95,3.74,0,0,748,103,-2.66,-0.88,-1.52,
2025-03-15 00:20:12.408,376,746,214,736,215,3.76,3.27,0,0,624,766,-5.26,-4.64,2.42,
2025-03-15 00:20:12.441,377,575,285,582,290,2.86,2.86,0,0,1113,783,-1.05,-0.02,-2.37,
2025-03-15 00:20:12.474,378,653,155,662,160,4.06,3.85,0,0,1137,146,-8.55,0.54,2.9,
2025-03-15 00:20:12.507,379,643,139,649,139,3.18,3.42,0,0,635,193,9.08,0.59,2.16,
2025-03-15 00:20:12.540,380,585,139,589,132,3.72,3.24,0,0,582,659,-5.53,2.07,1.13,
2025-03-15 00:20:12.573,381,684,336,684,338,2.71,2.79,1,1,1111,312,8.45,-3.23,2.63,
2025-03-15 00:20:12.606,382,784,388,786,384,3.65,4.09,1,1,1157,535,-1.48,-2.48,1.33,
2025-03-15 00:20:12.639,383,719,361,709,354,3.27,2.94,0,0,843,607,9.71,3.11,-1.86,
2025-03-15 00:20:12.672,384,568,315,574,319,4.56,4.53,0,0,1022,750,1.08,4.47,-0.35,
2025-03-15 00:20:12.705,385,546,246,541,254,2.64,2.23,0,0,405,304,8.62,-3.64,-2.57,
2025-03-15 00:20:12.738,386,593,267,586,265,3.55,3.67,0,0,549,475,-9.89,-0.02,-0.66,
2025-03-15 00:20:12.771,387,737,191,746,191,3.65,3.7,0,0,526,172,4.96,-2.86,1.45,
2025-03-15 00:20:12.804,388,703,158,708,155,4.31,4.22,0,0,503,615,8.06,-4.4,-0.68,
2025-03-15 00:20:12.837,389,717,158,721,148,3.94,3.96,0,0,1148,175,-7.21,-1.74,-1.02,
2025-03-15 00:20:12.870,390,538,268,542,265,4.17,4.56,0,0,879,176,-8.08,-3.56,0.57,
2025-03-15 00:20:12.903,391,599,368,594,370,4.44,4.14,0,0,554,509,-1.51,2.1,2.23,
2025-03-15 00:20:12.936,392,788,144,792,137,4.66,4.18,0,0,656,713,8.67,0.34,-2.71,
2025-03-15 00:20:12.969,393,753,280,756,277,3.28,3.65,0,0,634,205,0.85,-3.56,-0.69,
2025-03-15 00:20:13.002,394,721,269,721,261,3.85,3.92,0,0,899,650,0.55,-4.91,-2.05,
2025-03-15 00:20:13.035,395,522,290,518,288,4.6,4.99,0,0,688,575,-7.18,3.08,1.17,
2025-03-15 00:20:13.068,396,749,254,747,245,4.97,5.07,0,0,909,374,-9.98,-3.24,-2.37,
2025-03-15 00:20:13.101,397,509,287,514,278,4.72,5.03,0,0,951,187,6.2,1.06,0.99,
2025-03-15 00:20:13.134,398,745,106,739,108,3.43,3.36,0,0,1199,176,-8.25,-1.63,-1.28,
2025-03-15 00:20:13.167,399,599,232,608,236,2.99,3.24,0,0,1108,176,2.68,0.85,-1.81,
2025-03-15 00:20:13.200,400,789,334,788,335,3.72,4.14,0,0,1184,541,8.29,-1.84,2.62,
2025-03-15 00:20:13.233,401,679,144,686,137,4.35,4.43,0,0,1175,639,-5.83,-4.13,-2.89,
2025-03-15 00:20:13.266,402,722,348,714,345,3.73,3.41,0,0,968,344,3.31,-2.77,-0.37,
2025-03-15 00:20:13.299,403,749,130,751,128,3.71,3.48,0,0,697,677,-8.43,-3.12,-2.87,
2025-03-15 00:20:13.332,404,646,122,646,116,4.6,4.29,0,0,1114,450,2.08,-0.72,-0.1,
2025-03-15 00:20:13.365,405,595,259,601,268,3.4,3.15,0,0,536,669,-6.72,1.58,0.01,
2025-03-15 00:20:13.398,406,756,257,758,264,4.65,4.46,0,0,775,241,4.72,-2.36,-1.07,
2025-03-15 00:20:13.431,407,503,138,498,138,3.52,3.57,0,0,486,467,-3.98,-4.88,-2.21,
2025-03-15 00:20:13.464,408,515,181,521,185,3.32,3.41,1,1,818,183,-0.73,0.19,-0.74,
2025-03-15 00:20:13.497,409,779,357,781,355,3.63,3.56,0,0,1153,242,1.99,1.06,1.03,
2025-03-15 00:20:13.530,410,746,305,754,311,4.41,4.52,0,0,598,451,-6.57,4.63,1.69,
2025-03-15 00:20:13.563,411,757,176,765,177,2.82,2.4,0,0,862,644,4.83,0.89,0.18,
2025-03-15 00:20:13.596,412,659,111,658,107,2.99,2.58,0,0,836,251,-3.95,-0.29,0.54,
2025-03-15 00:20:13.629,413,651,394,643,393,4.88,4.55,0,0,709,257,3.25,0.73,-1.8,
2025-03-15 00:20:13.662,414,677,323,680,322,2.94,2.96,0,0,995,545,-6.83,4.28,-1.28,
2025-03-15 00:20:13.695,415,662,112,670,114,3.92,3.63,0,0,1153,752,3.76,3.28,-2.03,
2025-03-15 00:20:13.728,416,532,145,526,153,3.95,3.73,0,0,680,402,-7.44,-1.77,-1.5,
2025-03-15 00:20:13.761,417,678,254,672,254,3.72,3.62,0,0,722,723,-1.49,-2.63,-1.65,
2025-03-15 00:20:13.794,418,600,212,609,214,4.11,4.42,0,0,1163,755,-5.06,-2.37,0.12,
2025-03-15 00:20:13.827,419,767,332,773,329,3.07,2.59,0,0,1101,549,4.97,0.04,0.38,
2025-03-15 00:20:13.860,420,564,116,563,113,3.88,4.03,0,0,551,323,-4.76,2.44,2.67,
2025-03-15 00:20:13.893,421,667,322,661,315,3.43,3.6,0,0,799,56,7.63,0.03,-1.83,
2025-03-15 00:20:13.926,422,542,287,535,291,4.15,4.45,0,0,677,363,7.84,-4.32,0.85,
2025-03-15 00:20:13.959,423,543,262,538,262,2.85,3.29,0,0,1050,102,-6.07,2.24,1.9,
2025-03-15 00:20:13.992,424,784,173,777,173,3.93,3.45,0,0,1087,736,2.28,3.06,0.36,
2025-03-15 00:20:14.025,425,511,332,507,322,2.96,2.62,0,0,407,367,-8.25,-2.11,-1.47,
2025-03-15 00:20:14.058,426,594,323,590,329,3.2,3.58,0,0,634,695,-2.17,1.64,-1.42,
2025-03-15 00:20:14.091,427,752,159,759,163,3.05,3.01,0,0,1074,115,4.27,-0.73,-2.76,
2025-03-15 00:20:14.124,428,741,321,733,330,2.96,3.02,0,0,960,433,3.19,3.89,-1.17,
2025-03-15 00:20:14.157,429,534,136,524,131,4.56,4.73,0,0,701,563,2.49,3.45,1.47,
2025-03-15 00:20:14.190,430,714,377,707,381,3.21,3.39,0,0,437,158,-4.35,0.25,-2.71,
2025-03-15 00:20:14.223,431,589,295,584,293,4.82,5.25,0,0,535,276,-2.44,1.92,-1.68,
2025-03-15 00:20:14.256,432,763,341,761,344,4.92,5.42,0,0,820,162,-7.94,3.83,1.24,
2025-03-15 00:20:14.289,433,592,318,595,325,3.93,4.15,0,0,618,660,4.38,-0.04,1.7,
2025-03-15 00:20:14.322,434,589,291,590,297,2.86,2.64,0,0,747,406,0.08,-1.87,-0.27,
2025-03-15 00:20:14.355,435,614,116,623,123,3.44,3.82,0,0,945,345,4.18,2.54,1.19,
2025-03-15 00:20:14.388,436,604,111,597,105,4.49,4.04,0,0,478,388,-5.02,-2.8,-0.67,
2025-03-15 00:20:14.421,437,695,292,696,301,3.42,3.15,0,0,1147,431,-3.51,-1.11,-2.04,
2025-03-15 00:20:14.454,438,613,121,612,130,2.72,3.11,0,0,672,626,-3.32,3.66,-0.61,
2025-03-15 00:20:14.487,439,574,219,570,217,3.89,3.65,0,0,458,484,-9.49,2.24,0.48,
2025-03-15 00:20:14.520,440,716,309,708,309,4.61,4.33,0,0,1086,703,-3.18,-0.96,2.69,
2025-03-15 00:20:14.553,441,776,369,779,359,4.49,4.13,0,0,707,609,6.07,-2.85,-2.59,
2025-03-15 00:20:14.586,442,748,291,747,298,2.94,3.3,0,0,773,705,7.95,-1.44,0.04,
2025-03-15 00:20:14.619,443,663,274,668,269,4.18,4.18,0,0,1132,562,0.36,-2.16,-1.03,
2025-03-15 00:20:14.652,444,691,384,696,375,3.05,3.23,0,0,408,298,-0.89,-3.24,0.05,
2025-03-15 00:20:14.685,445,726,303,725,307,3.05,2.78,0,0,843,370,-9.38,2.43,-2.86,
2025-03-15 00:20:14.718,446,676,263,678,266,4.69,4.94,0,0,512,657,7.58,-2.48,-1.12,
2025-03-15 00:20:14.751,447,598,350,593,344,3.12,3.38,0,0,604,163,-9.74,-0.46,1.92,
2025-03-15 00:20:14.784,448,535,326,536,321,3.16,2.97,0,0,804,329,8.9,-1.14,0.32,
2025-03-15 00:20:14.817,449,595,106,593,101,2.5,2.41,0,0,1097,348,-0.22,4.82,-0.3,
2025-03-15 00:20:14.850,450,651,128,653,135,4.68,4.39,0,0,596,345,-3.16,-1.09,-1.29,
2025-03-15 00:20:14.883,451,650,132,643,135,4.48,4.96,0,0,1177,686,8.48,-4.2,-1.21,
2025-03-15 00:20:14.916,452,689,233,689,232,4.07,4.21,0,0,1173,256,-9.51,-4.1,-0.7,
2025-03-15 00:20:14.949,453,723,178,732,181,4.38,4.81,0,0,1159,663,1.63,0.91,2.01,
2025-03-15 00:20:14.982,454,536,157,543,159,2.88,2.68,0,0,514,187,0.98,0.99,2.8,
2025-03-15 00:20:15.015,455,767,125,767,117,3.65,3.93,0,0,520,412,-5.61,-0.81,-0.37,
2025-03-15 00:20:15.048,456,682,325,675,320,3.38,3.64,0,0,955,297,-1.42,-0.68,-0.64,
2025-03-15 00:20:15.081,457,512,384,519,381,2.73,2.93,0,0,464,761,3.05,-4.46,2.08,
2025-03-15 00:20:15.114,458,778,103,768,104,3.72,4.18,0,0,675,119,4.54,0.17,-0.44,
2025-03-15 00:20:15.147,459,716,198,712,200,4.8,4.7,0,0,638,132,-9.99,0.05,0.31,
2025-03-15 00:20:15.180,460,785,138,780,138,2.6,2.23,0,0,701,657,8.74,-3.5,-1.61,
2025-03-15 00:20:15.213,461,772,370,776,371,3.23,3.4,0,0,791,172,-6.71,-3.96,1.46,
2025-03-15 00:20:15.246,462,561,384,568,374,3.02,3.25,0,0,921,442,-5.33,-3.76,0.19,
2025-03-15 00:20:15.279,463,583,256,583,262,3.1,3.17,0,0,768,232,-4.73,-3.99,1.85,
2025-03-15 00:20:15.312,464,716,174,725,179,4.77,4.48,0,0,632,154,-9.24,1.1,1.68,
2025-03-15 00:20:15.345,465,686,387,690,387,3.67,3.67,0,0,594,160,-7.54,-3.04,-1.71,
2025-03-15 00:20:15.378,466,518,229,523,231,3.67,3.48,0,0,411,619,9.73,-2.49,1.29,
2025-03-15 00:20:15.411,467,676,274,672,281,4.4,4.33,0,0,1088,371,-3.7,-3.26,1.8,
2025-03-15 00:20:15.444,468,599,183,598,183,2.89,3.03,0,0,576,345,-7.69,4.58,-0.92,
2025-03-15 00:20:15.477,469,732,121,733,122,3.72,3.96,0,0,616,275,-7.86,3.55,-1.96,
2025-03-15 00:20:15.510,470,575,126,578,121,3.57,3.31,0,0,410,727,4.39,-2.7,-2.98,
2025-03-15 00:20:15.543,471,764,294,758,292,3.99,3.9,0,0,845,416,7.09,-1.72,-0.29,
2025-03-15 00:20:15.576,472,783,335,790,340,5.0,4.77,0,0,1029,761,-4.86,-2.9,-0.89,
2025-03-15 00:20:15.609,473,705,191,699,184,4.42,4.12,0,0,563,230,-9.58,-0.08,0.33,
2025-03-15 00:20:15.642,474,722,120,714,112,3.49,3.78,0,0,1121,156,-5.54,-4.8,-1.87,
2025-03-15 00:20:15.675,475,551,183,545,188,4.57,4.98,0,0,452,409,-8.87,1.71,2.16,
2025-03-15 00:20:15.708,476,643,361,649,362,2.93,2.8,0,0,617,391,-7.93,0.23,-1.45,
2025-03-15 00:20:15.741,477,568,246,576,246,2.58,2.83,0,0,1117,594,-1.37,3.99,-1.64,
2025-03-15 00:20:15.774,478,598,356,606,350,3.01,3.41,0,0,759,460,-5.4,-3.36,-0.12,
2025-03-15 00:20:15.807,479,524,157,525,164,3.35,3.7,0,0,784,437,0.32,3.04,-0.01,
2025-03-15 00:20:15.840,480,552,114,550,122,3.78,3.46,0,0,455,678,-4.93,2.92,-1.71,
2025-03-15 00:20:15.873,481,650,261,640,256,4.04,4.49,0,0,517,109,8.81,-3.73,-1.37,
2025-03-15 00:20:15.906,482,643,262,650,269,4.78,4.65,0,0,652,148,8.12,-1.01,-1.98,
2025-03-15 00:20:15.939,483,556,380,549,375,3.77,3.61,0,0,1197,586,1.34,-3.3,1.31,
2025-03-15 00:20:15.972,484,538,379,537,372,3.75,3.32,1,1,1179,722,-2.91,-2.45,1.62,
2025-03-15 00:20:16.005,485,608,111,604,112,2.63,2.61,0,0,579,420,-2.38,-2.37,-0.23,
2025-03-15 00:20:16.038,486,680,373,670,381,2.59,2.2,0,0,814,668,-1.76,0.56,1.28,
2025-03-15 00:20:16.071,487,541,370,547,361,3.88,3.63,0,0,634,724,4.55,-0.89,1.42,
2025-03-15 00:20:16.104,488,685,307,676,313,3.6,3.41,0,0,1107,232,-0.97,4.48,-2.17,
2025-03-15 00:20:16.137,489,722,126,722,126,4.6,4.91,0,0,479,682,7.13,-3.74,2.8,
2025-03-15 00:20:16.170,490,621,171,619,171,2.9,3.28,0,0,1046,182,8.88,4.74,1.93,
2025-03-15 00:20:16.203,491,632,159,628,164,2.56,2.36,0,0,421,156,-3.28,-2.69,-1.77,
2025-03-15 00:20:16.236,492,662,244,668,235,3.62,3.98,1,1,726,624,1.21,2.73,-1.88,
2025-03-15 00:20:16.269,493,714,192,720,183,3.09,3.45,1,1,839,448,-8.1,-1.61,-2.25,
2025-03-15 00:20:16.302,494,720,107,711,104,2.62,2.89,0,0,1136,370,-5.99,-3.57,-2.17,
2025-03-15 00:20:16.335,495,734,178,729,180,4.31,3.96,0,0,969,582,-1.73,3.58,1.49,
2025-03-15 00:20:16.368,496,645,126,648,125,2.78,2.97,0,0,492,210,-5.88,-1.91,-0.18,
2025-03-15 00:20:16.401,497,738,273,733,270,4.02,4.47,0,0,591,175,7.53,1.59,1.7,
2025-03-15 00:20:16.434,498,575,149,566,142,3.2,3.39,0,0,502,257,-6.83,0.66,1.48,
2025-03-15 00:20:16.467,499,508,298,498,302,2.93,2.77,0,0,795,631,-0.89,-0.28,0.63,
2025-03-15 00:20:16.500,500,573,280,572,270,3.45,3.45,1,1,406,742,2.11,-0.04,1.12,
2025-03-15 00:20:16.533,501,752,123,746,123,4.5,4.65,0,0,1039,428,3.84,2.32,-2.89,
2025-03-15 00:20:16.566,502,729,145,720,141,3.48,3.49,0,0,966,221,-2.34,-4.12,-1.13,
2025-03-15 00:20:16.599,503,506,114,511,120,4.38,4.0,0,0,630,140,7.38,1.68,0.83,
2025-03-15 00:20:16.632,504,673,252,664,261,2.81,2.63,0,0,973,266,1.37,3.96,-2.94,
2025-03-15 00:20:16.665,505,640,321,639,328,4.43,4.73,0,0,639,741,-1.21,-4.42,-2.8,
2025-03-15 00:20:16.698,506,667,305,658,306,3.09,3.45,0,0,489,122,-8.66,-3.59,2.11,
2025-03-15 00:20:16.731,507,669,372,674,370,4.19,3.83,0,0,631,378,-0.71,2.17,1.1,
2025-03-15 00:20:16.764,508,782,335,787,329,3.91,4.37,0,0,856,568,6.41,-0.63,-1.41,
2025-03-15 00:20:16.797,509,621,327,629,326,4.82,4.65,0,0,793,455,2.29,-0.96,1.13,
2025-03-15 00:20:16.830,510,693,108,689,101,3.47,3.63,0,0,753,108,6.64,-3.63,1.75,
2025-03-15 00:20:16.863,511,504,265,505,259,2.67,2.92,0,0,732,112,-0.12,0.07,-1.16,
2025-03-15 00:20:16.896,512,528,313,532,312,2.55,2.86,0,0,838,151,-7.63,-3.73,-2.78,
2025-03-15 00:20:16.929,513,664,216,661,216,4.57,5.01,0,0,774,308,-9.73,-0.23,2.6,
2025-03-15 00:20:16.962,514,635,171,630,170,3.81,3.62,0,0,691,649,-3.94,2.64,-0.93,
2025-03-15 00:20:16.995,515,644,163,643,160,4.44,4.8,0,0,744,711,3.96,-2.42,-2.36,
2025-03-15 00:20:17.028,516,716,304,708,295,3.09,2.72,1,1,1063,501,5.81,-0.19,-0.05,
2025-03-15 00:20:17.061,517,631,308,639,305,3.36,3.57,0,0,827,290,-4.08,4.92,1.61,
2025-03-15 00:20:17.094,518,791,171,797,176,2.58,2.82,0,0,1056,150,-0.09,1.87,-1.67,
2025-03-15 00:20:17.127,519,569,376,565,370,4.9,5.08,0,0,529,492,-1.58,3.41,-1.38,
2025-03-15 00:20:17.160,520,751,373,760,365,4.17,3.92,0,0,540,752,-1.79,-0.85,-1.54,
2025-03-15 00:20:17.193,521,774,194,767,195,4.83,5.21,0,0,814,779,-5.37,2.68,2.95,
2025-03-15 00:20:17.226,522,681,265,684,267,3.16,2.83,0,0,492,720,-7.27,-4.59,-1.82,
2025-03-15 00:20:17.259,523,666,131,675,133,4.03,3.58,0,0,1025,399,-6.07,-3.77,0.45,
2025-03-15 00:20:17.292,524,590,110,594,109,4.2,4.41,0,0,683,721,-8.89,-2.97,2.55,
2025-03-15 00:20:17.325,525,701,316,698,309,3.29,3.27,0,0,1054,295,-6.04,-0.98,-2.12,
2025-03-15 00:20:17.358,526,518,388,522,386,4.62,4.97,0,0,622,516,-9.82,3.46,2.83,
2025-03-15 00:20:17.391,527,538,201,547,192,4.87,4.75,0,0,1054,648,2.55,-1.54,2.68,
2025-03-15 00:20:17.424,528,625,366,628,374,4.71,4.38,0,0,862,519,-3.67,1.55,2.31,
2025-03-15 00:20:17.457,529,672,313,670,303,4.35,4.68,0,0,944,739,9.46,2.09,-1.71,
2025-03-15 00:20:17.490,530,640,278,637,274,3.19,3.24,0,0,675,716,-6.13,0.86,0.8,
2025-03-15 00:20:17.523,531,741,187,747,193,3.2,2.89,0,0,1081,621,-3.08,-1.43,1.57,
2025-03-15 00:20:17.556,532,719,140,710,132,4.91,5.13,0,0,539,455,-2.84,0.77,2.92,
2025-03-15 00:20:17.589,533,625,175,617,184,2.53,2.54,0,0,756,247,-9.83,-1.58,-1.92,
2025-03-15 00:20:17.622,534,557,145,554,154,4.29,4.39,0,0,1112,464,6.78,-4.16,1.6,
2025-03-15 00:20:17.655,535,647,259,648,251,4.27,4.23,0,0,422,463,-9.36,4.93,-0.97,
2025-03-15 00:20:17.688,536,500,179,490,171,4.06,4.39,0,0,1135,751,8.8,-3.73,-1.95,
2025-03-15 00:20:17.721,537,689,185,688,191,4.98,5.3,0,0,669,501,7.84,-4.28,-0.47,
2025-03-15 00:20:17.754,538,690,191,699,187,3.28,3.49,0,0,1064,705,0.71,3.79,1.76,
2025-03-15 00:20:17.787,539,616,247,608,250,3.35,2.96,0,0,732,591,0.87,-1.98,-0.21,
2025-03-15 00:20:17.820,540,633,260,628,266,2.7,3.04,0,0,484,328,3.08,1.5,0.23,
2025-03-15 00:20:17.853,541,557,301,553,308,3.61,3.78,0,0,1020,674,-2.26,-1.71,2.97,
2025-03-15 00:20:17.886,542,543,341,552,343,3.15,3.35,0,0,430,636,2.94,-1.09,-0.61,
2025-03-15 00:20:17.919,543,672,101,679,110,3.36,3.22,0,0,1140,367,-9.1,-2.38,0.69,
2025-03-15 00:20:17.952,544,659,324,659,333,4.59,4.97,0,0,682,500,-8.92,-1.57,-0.81,
2025-03-15 00:20:17.985,545,672,388,680,395,4.84,5.06,0,0,762,110,-0.86,-0.89,-0.64,
2025-03-15 00:20:18.018,546,648,332,642,325,2.96,2.58,0,0,788,419,0.99,2.2,1.17,
2025-03-15 00:20:18.051,547,579,176,587,166,3.43,3.34,0,0,1052,225,7.76,0.12,2.63,
2025-03-15 00:20:18.084,548,712,215,712,222,4.82,5.21,0,0,1067,405,-7.91,4.44,0.25,
2025-03-15 00:20:18.117,549,702,253,703,243,2.65,2.2,0,0,698,610,6.45,-4.58,1.61,
2025-03-15 00:20:18.150,550,751,202,750,204,2.73,3.19,0,0,770,188,-5.8,0.03,-2.46,
2025-03-15 00:20:18.183,551,728,293,725,302,2.91,3.09,0,0,498,454,-2.12,0.84,-1.73,
2025-03-15 00:20:18.216,552,663,265,661,274,3.99,4.12,0,0,446,727,-3.67,4.2,0.01,
2025-03-15 00:20:18.249,553,726,189,719,188,2.88,2.65,0,0,821,451,-2.0,-4.51,-2.88,
2025-03-15 00:20:18.282,554,646,273,640,273,4.92,4.67,0,0,879,788,-6.99,0.73,-1.48,
2025-03-15 00:20:18.315,555,519,221,516,219,3.62,4.06,0,0,978,113,0.07,3.54,0.1,
2025-03-15 00:20:18.348,556,546,242,544,240,3.75,3.55,0,0,461,356,6.03,-2.58,-2.91,
2025-03-15 00:20:18.381,557,732,205,736,199,3.12,3.39,0,0,508,308,-1.17,3.76,-1.41,
2025-03-15 00:20:18.414,558,513,222,517,212,3.68,3.57,0,0,1078,380,-0.19,-4.81,0.08,
2025-03-15 00:20:18.447,559,642,108,647,114,4.15,3.79,0,0,948,542,6.98,2.32,0.44,
2025-03-15 00:20:18.480,560,500,361,503,352,4.38,3.89,0,0,518,488,4.12,4.33,2.55,
2025-03-15 00:20:18.513,561,553,172,550,174,4.38,4.43,0,0,997,716,-0.19,1.57,0.87,
2025-03-15 00:20:18.546,562,758,322,765,320,3.94,4.42,0,0,749,693,-4.85,-0.61,-0.51,
2025-03-15 00:20:18.579,563,643,140,642,133,4.76,4.63,0,0,791,246,7.7,-4.55,2.58,
2025-03-15 00:20:18.612,564,511,303,520,297,4.54,4.4,0,0,451,378,1.54,4.2,1.71,
2025-03-15 00:20:18.645,565,723,363,718,363,4.39,4.24,0,0,1002,620,-5.58,-0.3,-1.8,
2025-03-15 00:20:18.678,566,771,277,772,285,2.64,2.66,0,0,688,729,-4.62,-4.71,-2.21,
2025-03-15 00:20:18.711,567,655,183,646,175,2.52,2.46,0,0,736,705,6.06,1.9,1.05,
2025-03-15 00:20:18.744,568,507,210,503,211,3.03,3.41,0,0,603,533,-9.12,-0.18,0.36,
2025-03-15 00:20:18.777,569,621,350,626,358,4.16,4.16,0,0,637,243,9.84,-3.76,1.74,
2025-03-15 00:20:18.810,570,663,106,655,114,3.53,3.54,0,0,781,388,-7.39,-2.86,1.43,
2025-03-15 00:20:18.843,571,589,183,591,185,3.51,3.14,0,0,1066,485,5.92,-4.36,0.75,
2025-03-15 00:20:18.876,572,635,307,627,303,4.71,5.19,0,0,1151,113,-2.1,0.74,2.92,
2025-03-15 00:20:18.909,573,685,121,692,125,4.74,4.49,0,0,535,356,-0.16,1.22,0.2,
2025-03-15 00:20:18.942,574,677,102,677,98,4.77,4.35,0,0,806,445,7.61,0.06,-2.32,
2025-03-15 00:20:18.975,575,527,226,524,223,3.28,3.45,0,0,907,797,-1.74,3.17,1.97,
2025-03-15 00:20:19.008,576,719,396,714,390,4.23,4.32,0,0,761,444,0.75,3.61,-1.49,
2025-03-15 00:20:19.041,577,540,287,530,290,3.18,3.09,0,0,780,499,-9.01,1.16,1.66,
2025-03-15 00:20:19.074,578,727,113,717,106,2.98,2.9,0,0,975,306,-9.95,-4.87,2.74,
2025-03-15 00:20:19.107,579,691,111,688,110,2.96,3.25,0,0,905,279,-5.1,1.95,1.18,
2025-03-15 00:20:19.140,580,644,186,638,195,3.36,3.05,0,0,653,563,3.61,-0.82,0.58,
2025-03-15 00:20:19.173,581,700,111,705,115,3.57,3.9,1,1,876,369,-7.57,0.66,-0.24,
2025-03-15 00:20:19.206,582,711,124,711,131,4.58,4.73,0,0,513,320,-7.72,1.49,-0.81,
2025-03-15 00:20:19.239,583,719,342,713,351,2.8,2.72,0,0,419,251,-1.78,-1.5,-0.88,
2025-03-15 00:20:19.272,584,739,221,732,223,4.34,4.3,0,0,927,722,2.96,4.17,0.82,
2025-03-15 00:20:19.305,585,545,246,540,243,3.83,3.59,0,0,544,282,4.24,-3.66,1.51,
2025-03-15 00:20:19.338,586,534,154,537,152,3.22,3.47,0,0,607,498,-6.43,1.72,1.07,
2025-03-15 00:20:19.371,587,752,337,760,342,3.73,3.74,0,0,930,171,-8.41,-4.96,-1.81,
2025-03-15 00:20:19.404,588,581,272,579,280,3.25,3.07,0,0,775,517,8.81,4.25,-0.04,
2025-03-15 00:20:19.437,589,755,320,756,325,3.99,4.09,0,0,903,382,-4.79,-3.87,1.75,
2025-03-15 00:20:19.470,590,696,218,696,214,3.58,4.08,0,0,565,173,7.07,-4.05,-0.15,
2025-03-15 00:20:19.503,591,509,282,512,285,2.91,2.85,0,0,949,454,7.27,-1.67,0.22,
2025-03-15 00:20:19.536,592,785,387,790,390,2.79,3.21,0,0,580,596,5.45,-1.26,1.63,
2025-03-15 00:20:19.569,593,741,399,731,392,3.87,3.71,0,0,1016,427,-6.62,-2.86,0.97,
2025-03-15 00:20:19.602,594,750,181,752,185,4.76,4.31,0,0,1011,634,6.44,0.85,-0.54,
2025-03-15 00:20:19.635,595,504,310,506,302,3.36,3.06,0,0,1001,679,5.39,-0.57,2.37,
2025-03-15 00:20:19.668,596,618,249,609,243,4.33,4.25,0,0,843,546,1.93,-4.66,-2.02,
2025-03-15 00:20:19.701,597,788,136,781,126,4.15,3.87,1,1,669,586,-3.26,-1.8,2.97,
2025-03-15 00:20:19.734,598,564,158,559,150,4.83,4.33,0,0,902,461,-4.75,3.1,-2.29,
2025-03-15 00:20:19.767,599,645,230,639,234,4.55,4.97,0,0,478,192,-7.56,1.9,-2.91,
2025-03-15 00:20:19.800,600,723,301,715,298,3.92,4.26,0,0,984,420,0.2,2.25,2.34,
2025-03-15 00:20:19.833,601,738,342,728,335,4.14,4.38,0,0,1087,423,1.71,1.98,-1.53,
2025-03-15 00:20:19.866,602,676,134,669,125,4.75,4.41,0,0,795,483,-2.81,-1.89,1.38,
2025-03-15 00:20:19.899,603,766,192,775,191,3.5,3.12,0,0,1007,674,-0.49,-4.0,1.87,
2025-03-15 00:20:19.932,604,781,306,772,299,3.32,2.88,0,0,502,445,-2.73,-2.28,2.15,
2025-03-15 00:20:19.965,605,562,312,556,304,2.53,2.75,0,0,801,202,2.82,3.32,2.95,
2025-03-15 00:20:19.998,606,716,258,708,249,4.57,5.0,0,0,623,314,8.03,4.8,-1.24,
2025-03-15 00:20:20.031,607,782,123,780,129,4.5,4.43,0,0,917,291,-6.72,-0.06,1.26,
2025-03-15 00:20:20.064,608,676,392,685,401,2.76,2.38,0,0,1033,771,-2.37,-4.9,-2.31,
2025-03-15 00:20:20.097,609,597,103,592,105,3.94,3.95,0,0,635,293,-7.18,-3.6,-0.56,
2025-03-15 00:20:20.130,610,604,319,611,313,3.66,3.51,0,0,826,479,2.5,-1.78,2.09,
2025-03-15 00:20:20.163,611,598,119,593,117,2.8,2.67,0,0,515,502,4.58,0.79,-0.79,
2025-03-15 00:20:20.196,612,505,251,513,246,4.95,5.07,0,0,562,763,8.64,-4.25,0.55,
2025-03-15 00:20:20.229,613,696,149,697,143,3.04,3.26,0,0,625,699,-4.42,4.43,0.02,
2025-03-15 00:20:20.262,614,632,276,632,275,2.67,2.28,0,0,629,110,9.0,-1.35,0.88,
2025-03-15 00:20:20.295,615,758,195,749,192,3.99,3.52,0,0,716,337,-8.73,4.13,2.84,
2025-03-15 00:20:20.328,616,522,204,526,200,4.35,4.84,0,0,648,114,2.06,2.81,-2.67,
2025-03-15 00:20:20.361,617,552,349,553,345,2.58,2.31,0,0,717,396,-8.86,2.55,0.44,
2025-03-15 00:20:20.394,618,664,216,665,211,4.15,3.7,0,0,609,510,7.88,1.07,2.18,
2025-03-15 00:20:20.427,619,701,327,699,336,3.83,3.52,0,0,1055,684,0.6,1.27,-0.11,
2025-03-15 00:20:20.460,620,582,165,573,157,2.76,2.3,0,0,791,151,3.39,1.38,-2.53,
2025-03-15 00:20:20.493,621,644,361,636,369,2.93,2.82,1,1,495,739,6.63,1.29,0.36,
2025-03-15 00:20:20.526,622,584,394,585,398,3.92,4.22,0,0,1155,127,-6.99,0.54,-1.01,
2025-03-15 00:20:20.559,623,577,342,582,335,3.24,3.08,0,0,485,676,-9.23,4.86,-2.07,
2025-03-15 00:20:20.592,624,500,285,490,286,4.85,4.79,0,0,814,116,7.58,2.32,2.09,
2025-03-15 00:20:20.625,625,550,345,542,340,4.55,4.72,0,0,793,450,-3.7,2.77,0.13,
2025-03-15 00:20:20.658,626,672,224,681,232,4.96,4.97,0,0,1095,527,-7.42,3.72,2.6,
2025-03-15 00:20:20.691,627,704,367,695,360,3.15,3.51,0,0,1032,749,-0.63,-2.84,1.84,
2025-03-15 00:20:20.724,628,759,230,757,234,4.92,5.29,0,0,900,328,1.97,-4.16,1.16,
2025-03-15 00:20:20.757,629,787,336,795,334,3.58,3.09,0,0,1003,309,-9.38,-0.17,-2.97,
2025-03-15 00:20:20.790,630,533,117,537,111,3.37,3.65,0,0,981,530,-4.5,0.14,-0.43,
2025-03-15 00:20:20.823,631,594,139,601,141,2.63,2.59,0,0,532,393,-9.34,3.29,-1.82,
2025-03-15 00:20:20.856,632,571,120,571,127,2.63,3.12,0,0,1220,685,-1.59,-0.56,2.46,
2025-03-15 00:20:20.889,633,538,324,543,318,4.23,4.21,0,0,1048,203,7.9,0.71,-1.95,
2025-03-15 00:20:20.922,634,653,381,659,386,3.64,4.13,1,1,713,303,9.65,0.27,-1.28,
2025-03-15 00:20:20.955,635,749,107,743,115,3.07,3.32,0,0,1098,152,2.74,-4.62,0.1,
2025-03-15 00:20:20.988,636,661,199,662,202,4.03,3.78,0,0,620,474,-6.77,1.15,-1.42,
2025-03-15 00:20:21.021,637,617,339,617,344,3.13,3.17,0,0,837,153,8.12,3.28,-1.74,
2025-03-15 00:20:21.054,638,758,186,762,190,3.94,4.44,0,0,445,375,0.32,-3.42,0.59,
2025-03-15 00:20:21.087,639,767,397,759,390,3.4,3.76,0,0,1189,434,-6.93,0.94,-2.47,
2025-03-15 00:20:21.120,640,553,113,543,109,4.56,4.16,0,0,591,130,8.43,0.94,-2.65,
2025-03-15 00:20:21.153,641,735,101,744,106,4.55,4.76,0,0,919,234,5.15,-3.36,-0.77,
2025-03-15 00:20:21.186,642,721,392,726,389,3.69,3.54,0,0,778,157,4.63,-3.77,1.32,
2025-03-15 00:20:21.219,643,750,140,741,146,3.38,2.88,0,0,1187,204,4.18,4.8,0.33,
2025-03-15 00:20:21.252,644,611,210,602,215,3.41,3.31,0,0,1090,365,-5.99,-1.06,-0.46,
2025-03-15 00:20:21.285,645,754,113,746,112,4.51,4.25,0,0,733,621,-5.78,-2.73,0.39,
2025-03-15 00:20:21.318,646,706,330,703,329,3.32,3.64,0,0,438,595,3.77,-3.29,-0.81,
2025-03-15 00:20:21.351,647,728,183,732,174,3.02,2.86,0,0,692,352,-5.61,1.68,2.62,
2025-03-15 00:20:21.384,648,565,229,561,227,2.71,3.04,0,0,1089,394,-1.23,1.09,-2.67,
2025-03-15 00:20:21.417,649,574,330,569,336,3.67,3.17,0,0,561,767,5.64,1.44,1.04,
2025-03-15 00:20:21.450,650,602,244,600,244,3.71,3.51,0,0,768,119,5.68,-4.12,2.35,
2025-03-15 00:20:21.483,651,691,127,700,126,4.6,4.34,0,0,503,648,-0.93,3.94,1.82,
2025-03-15 00:20:21.516,652,751,165,741,171,3.05,2.79,0,0,560,730,5.84,-1.11,-1.9,
2025-03-15 00:20:21.549,653,725,262,722,255,3.45,3.02,0,0,1198,166,6.77,-1.87,-1.22,
2025-03-15 00:20:21.582,654,793,328,785,333,4.52,4.21,0,0,1034,398,3.1,-0.38,1.3,
2025-03-15 00:20:21.615,655,597,360,590,369,4.56,4.61,0,0,453,562,-5.43,-1.1,-2.49,
2025-03-15 00:20:21.648,656,785,263,789,267,3.46,3.25,0,0,433,200,-4.52,3.64,1.87,
2025-03-15 00:20:21.681,657,748,386,743,380,3.65,3.57,0,0,641,155,-3.7,4.29,1.31,
2025-03-15 00:20:21.714,658,665,109,669,104,3.26,3.14,0,0,512,431,-7.66,-1.97,1.38,
2025-03-15 00:20:21.747,659,529,294,521,300,4.83,5.21,0,0,717,492,-4.54,3.64,-2.4,
2025-03-15 00:20:21.780,660,746,217,749,207,2.8,3.2,0,0,422,480,-5.81,2.82,1.31,
2025-03-15 00:20:21.813,661,605,369,614,377,4.83,4.83,0,0,957,191,-0.89,4.31,1.08,
2025-03-15 00:20:21.846,662,550,179,553,172,4.21,4.04,0,0,1046,546,8.17,-2.54,1.99,
2025-03-15 00:20:21.879,663,580,192,573,198,3.83,3.44,0,0,517,208,-7.91,0.77,-2.75,
2025-03-15 00:20:21.912,664,632,365,633,363,2.58,3.04,0,0,1100,416,4.41,-2.25,-2.86,
2025-03-15 00:20:21.945,665,784,356,790,347,3.69,3.25,0,0,1042,267,3.75,3.24,-0.76,
2025-03-15 00:20:21.978,666,637,232,633,229,3.52,3.32,1,1,611,534,-8.08,-4.95,-2.11,
2025-03-15 00:20:22.011,667,683,375,681,379,2.9,2.7,0,0,869,687,8.45,0.65,0.35,
2025-03-15 00:20:22.044,668,772,363,764,359,4.14,3.96,0,0,512,317,1.37,-1.61,2.5,
2025-03-15 00:20:22.077,669,568,270,570,265,4.93,4.59,0,0,443,321,-2.73,-1.77,-0.65,
2025-03-15 00:20:22.110,670,533,100,537,90,3.91,4.19,1,1,527,772,5.13,1.45,2.07,
2025-03-15 00:20:22.143,671,761,163,768,167,4.29,3.91,1,1,557,627,-4.85,3.51,-3.0,
2025-03-15 00:20:22.176,672,552,383,560,379,2.67,2.81,0,0,1184,377,3.87,1.09,-1.99,
2025-03-15 00:20:22.209,673,704,220,694,226,3.54,3.17,0,0,793,668,-9.21,3.53,-2.82,
2025-03-15 00:20:22.242,674,625,206,620,197,2.79,2.36,0,0,911,673,6.79,-2.35,-1.03,
2025-03-15 00:20:22.275,675,734,274,725,272,4.03,4.44,0,0,444,565,-1.04,0.2,2.45,
2025-03-15 00:20:22.308,676,542,303,545,301,4.85,4.54,0,0,507,701,2.73,-0.49,-2.42,
2025-03-15 00:20:22.341,677,739,264,734,266,4.15,4.48,0,0,618,683,-5.58,-4.88,0.64,
2025-03-15 00:20:22.374,678,610,219,613,214,2.69,2.74,0,0,842,129,3.54,0.57,-0.29,
2025-03-15 00:20:22.407,679,748,143,741,138,3.39,2.96,0,0,714,458,5.44,1.62,2.63,
2025-03-15 00:20:22.440,680,650,255,647,264,3.88,4.33,0,0,576,387,-0.54,0.92,-2.26,
2025-03-15 00:20:22.473,681,682,306,674,315,3.51,3.25,0,0,627,185,2.35,2.36,-1.73,
2025-03-15 00:20:22.506,682,594,207,602,199,4.58,4.94,0,0,1102,333,-0.87,0.71,-2.82,
2025-03-15 00:20:22.539,683,507,350,510,356,4.54,4.21,0,0,1071,412,7.88,-4.33,-0.4,
2025-03-15 00:20:22.572,684,683,229,692,235,4.03,4.38,0,0,666,464,-0.04,-3.84,-1.33,
2025-03-15 00:20:22.605,685,780,392,786,393,3.43,2.95,0,0,626,302,6.84,0.96,2.22,
2025-03-15 00:20:22.638,686,694,119,691,124,3.14,3.15,0,0,888,797,6.03,-2.25,0.63,
2025-03-15 00:20:22.671,687,694,381,697,385,2.76,3.03,0,0,1101,230,-1.79,-4.2,0.68,
2025-03-15 00:20:22.704,688,654,384,649,386,3.39,3.82,0,0,1086,450,-5.4,-0.7,0.19,
2025-03-15 00:20:22.737,689,592,100,597,90,3.53,3.94,0,0,689,279,-1.88,0.54,-2.45,
2025-03-15 00:20:22.770,690,659,218,667,224,4.19,4.51,0,0,756,579,6.52,-1.71,-0.33,
2025-03-15 00:20:22.803,691,560,134,563,126,4.15,4.53,0,0,1056,262,-5.45,2.2,3.0,
2025-03-15 00:20:22.836,692,621,297,629,301,2.68,2.37,0,0,1143,195,0.49,1.44,2.01,
2025-03-15 00:20:22.869,693,550,344,542,337,3.49,3.27,0,0,603,609,6.12,-1.67,2.36,
2025-03-15 00:20:22.902,694,776,158,775,151,2.95,2.74,0,0,612,464,-2.93,2.55,1.94,
2025-03-15 00:20:22.935,695,504,260,512,267,2.89,2.77,0,0,951,452,2.84,1.49,-2.38,
2025-03-15 00:20:22.968,696,591,278,589,284,4.57,4.46,0,0,1186,535,-5.09,1.37,-1.64,
2025-03-15 00:20:23.001,697,669,305,678,313,2.6,2.65,0,0,722,182,-7.81,0.53,-2.98,
2025-03-15 00:20:23.034,698,521,111,523,111,3.55,3.21,0,0,993,324,5.89,-4.89,-1.18,
2025-03-15 00:20:23.067,699,500,375,496,384,2.92,3.11,0,0,580,511,-8.02,1.97,-2.35,
2025-03-15 00:20:23.100,700,632,280,635,272,4.7,4.37,0,0,898,217,-4.57,-1.24,-0.16,
2025-03-15 00:20:23.133,701,732,341,730,338,3.89,3.7,0,0,719,581,7.1,4.43,1.06,
2025-03-15 00:20:23.166,702,511,315,519,318,3.08,3.08,0,0,584,420,-3.07,3.18,2.25,
2025-03-15 00:20:23.199,703,545,350,549,340,3.76,4.05,0,0,702,690,9.46,0.88,1.5,
2025-03-15 00:20:23.232,704,533,398,542,401,4.33,4.57,0,0,661,689,9.59,-2.48,2.63,
2025-03-15 00:20:23.265,705,577,225,580,216,4.9,5.04,0,0,1183,758,-4.63,-2.96,-2.68,
2025-03-15 00:20:23.298,706,717,316,712,309,3.05,2.71,0,0,599,206,-9.18,-1.6,-2.93,
2025-03-15 00:20:23.331,707,572,384,565,392,4.72,4.76,0,0,639,481,4.1,-0.23,0.97,
2025-03-15 00:20:23.364,708,781,284,778,279,4.84,4.42,0,0,1091,489,-0.98,-2.04,-1.26,
2025-03-15 00:20:23.397,709,748,138,754,128,4.79,4.67,0,0,1082,343,-7.98,0.15,-1.48,
2025-03-15 00:20:23.430,710,546,322,544,328,4.09,4.0,0,0,694,684,4.15,-3.35,-1.01,
2025-03-15 00:20:23.463,711,620,283,610,280,4.07,3.61,1,1,911,567,-9.38,4.78,-1.38,
2025-03-15 00:20:23.496,712,713,277,722,285,3.51,3.28,0,0,1088,637,7.4,-3.92,0.07,
2025-03-15 00:20:23.529,713,738,393,741,383,4.38,4.84,0,0,795,309,-7.23,4.32,-0.36,
2025-03-15 00:20:23.562,714,555,250,555,244,3.83,4.28,0,0,1148,703,-7.45,4.14,0.07,
2025-03-15 00:20:23.595,715,606,225,598,230,4.19,4.05,1,1,537,736,-6.49,0.25,1.04,
2025-03-15 00:20:23.628,716,547,333,545,328,3.57,3.11,0,0,528,172,9.21,2.25,-0.68,
2025-03-15 00:20:23.661,717,560,107,563,104,4.33,4.01,0,0,448,734,3.86,-0.64,-1.49,
2025-03-15 00:20:23.694,718,525,228,523,230,4.56,4.45,0,0,1075,408,6.03,1.3,-2.0,
2025-03-15 00:20:23.727,719,791,363,784,368,2.87,3.31,0,0,1188,795,-2.05,-1.59,-0.9,
2025-03-15 00:20:23.760,720,756,256,749,248,4.58,4.22,1,1,563,892,-3.27,-1.99,1.45,
2025-03-15 00:20:23.793,721,507,104,504,112,3.85,4.11,1,1,1027,689,-5.31,0.78,1.54,
2025-03-15 00:20:23.826,722,612,185,603,186,4.61,4.22,0,0,935,285,-0.39,-0.02,1.0,
2025-03-15 00:20:23.859,723,752,274,750,279,3.58,4.06,0,0,710,352,1.04,0.8,-1.6,
2025-03-15 00:20:23.892,724,679,389,682,389,3.45,3.33,0,0,936,112,2.64,-2.13,0.53,
2025-03-15 00:20:23.925,725,706,292,704,291,4.79,5.06,0,0,1038,398,-4.86,-1.33,0.42,
2025-03-15 00:20:23.958,726,626,218,631,227,3.13,2.97,0,0,633,175,8.97,-4.16,-0.09,
2025-03-15 00:20:23.991,727,555,317,561,310,4.61,4.74,0,0,608,150,-6.6,-4.48,0.3,
2025-03-15 00:20:24.024,728,713,213,718,214,3.71,3.4,0,0,1004,248,9.31,-2.47,-0.05,
2025-03-15 00:20:24.057,729,513,244,514,235,3.79,3.43,0,0,493,221,-9.7,-4.26,0.39,
2025-03-15 00:20:24.090,730,527,125,519,133,3.27,3.71,1,1,726,310,-0.38,-3.96,1.29,
2025-03-15 00:20:24.123,731,577,235,577,229,3.93,4.35,0,0,624,379,-3.33,3.13,-2.34,
2025-03-15 00:20:24.156,732,715,331,718,328,3.31,3.7,0,0,1191,637,-1.02,-4.61,1.5,
2025-03-15 00:20:24.189,733,653,175,660,171,2.6,2.72,0,0,410,784,1.41,1.59,-2.18,
2025-03-15 00:20:24.222,734,513,388,507,391,3.18,3.49,1,1,728,255,-1.29,-2.27,-2.6,
2025-03-15 00:20:24.255,735,686,100,691,92,2.52,2.08,0,0,411,337,-1.7,3.72,2.86,
2025-03-15 00:20:24.288,736,506,246,515,253,4.95,4.78,0,0,434,475,4.65,-0.15,2.74,
2025-03-15 00:20:24.321,737,502,386,496,391,4.91,4.73,0,0,846,181,3.72,-1.94,-2.64,
2025-03-15 00:20:24.354,738,610,241,602,249,3.49,3.62,0,0,913,740,6.67,0.18,-0.34,
2025-03-15 00:20:24.387,739,737,152,738,160,4.32,4.18,0,0,1139,455,-5.0,-1.18,-1.88,
2025-03-15 00:20:24.420,740,738,168,728,175,3.36,3.01,0,0,619,372,2.19,0.64,-0.09,
2025-03-15 00:20:24.453,741,773,189,771,198,4.18,4.27,0,0,840,679,1.7,-3.85,1.98,
2025-03-15 00:20:24.486,742,793,319,791,324,4.51,4.83,0,0,1052,143,-2.61,4.97,2.7,
2025-03-15 00:20:24.519,743,726,291,719,288,4.87,4.75,0,0,934,672,-0.28,-0.74,0.81,
2025-03-15 00:20:24.552,744,514,162,506,152,3.5,3.13,0,0,994,222,-3.72,-1.52,-0.88,
2025-03-15 00:20:24.585,745,691,172,697,178,4.46,4.15,0,0,628,448,-7.16,2.1,0.62,
2025-03-15 00:20:24.618,746,618,260,609,261,3.16,2.9,0,0,743,429,-5.72,-1.36,-1.13,
2025-03-15 00:20:24.651,747,527,268,517,268,4.98,4.78,0,0,479,508,-7.89,3.33,2.46,
2025-03-15 00:20:24.684,748,701,188,698,182,2.56,2.71,0,0,752,422,3.66,-0.46,2.22,
2025-03-15 00:20:24.717,749,538,275,540,276,4.01,4.11,0,0,795,210,3.21,2.2,0.35,
2025-03-15 00:20:24.750,750,772,368,776,374,4.15,4.34,0,0,689,188,9.01,-3.93,-1.05,
2025-03-15 00:20:24.783,751,730,172,727,167,4.22,4.08,0,0,854,532,4.59,3.46,-1.24,
2025-03-15 00:20:24.816,752,585,344,586,334,2.8,3.12,0,0,1070,198,-8.96,2.36,-2.8,
2025-03-15 00:20:24.849,753,625,176,626,170,4.85,4.55,1,1,527,638,7.68,-2.88,1.89,
2025-03-15 00:20:24.882,754,799,258,802,261,2.95,2.92,0,0,1101,700,7.25,-3.55,-0.3,
2025-03-15 00:20:24.915,755,524,197,528,191,4.06,4.36,0,0,1063,103,-1.13,-1.84,-1.05,
2025-03-15 00:20:24.948,756,644,201,648,191,3.06,2.74,0,0,758,793,1.72,4.76,-0.17,
2025-03-15 00:20:24.981,757,512,231,510,238,3.27,2.88,0,0,926,356,9.52,-2.43,1.91,
2025-03-15 00:20:25.014,758,711,201,719,206,3.87,4.25,0,0,712,288,0.65,-0.44,-2.25,
2025-03-15 00:20:25.047,759,524,118,533,116,3.54,3.39,0,0,474,339,8.11,-4.7,2.15,
2025-03-15 00:20:25.080,760,567,181,564,189,2.9,3.08,0,0,945,602,-8.34,-1.03,2.39,
2025-03-15 00:20:25.113,761,566,378,574,372,2.93,2.45,0,0,595,776,-6.18,0.71,2.68,
2025-03-15 00:20:25.146,762,732,228,727,219,3.55,3.74,0,0,428,370,-1.18,4.53,-0.62,
2025-03-15 00:20:25.179,763,608,188,617,192,4.39,4.21,0,0,1105,619,1.7,0.17,-1.7,
2025-03-15 00:20:25.212,764,645,312,653,308,4.74,4.3,0,0,415,649,6.32,3.19,-0.76,
2025-03-15 00:20:25.245,765,610,242,603,235,2.71,2.82,0,0,822,213,9.77,0.47,-1.0,
2025-03-15 00:20:25.278,766,727,164,723,154,3.48,3.22,0,0,988,438,-2.22,-4.59,-1.94,
2025-03-15 00:20:25.311,767,610,175,603,177,2.75,2.64,0,0,992,667,-9.05,-1.85,0.64,
2025-03-15 00:20:25.344,768,533,298,534,307,2.54,2.12,0,0,804,458,6.02,0.76,-0.14,
2025-03-15 00:20:25.377,769,610,242,612,238,4.15,3.8,0,0,1035,749,2.09,4.51,2.19,
2025-03-15 00:20:25.410,770,763,192,755,196,4.01,3.8,0,0,930,713,-6.03,3.59,-2.81,
2025-03-15 00:20:25.443,771,735,323,736,326,2.91,2.5,0,0,1013,433,-0.1,-2.72,0.86,
2025-03-15 00:20:25.476,772,582,390,573,398,3.08,3.5,0,0,476,788,4.85,-2.8,1.58,
2025-03-15 00:20:25.509,773,541,201,532,210,2.56,2.07,0,0,649,364,5.41,-2.99,1.56,
2025-03-15 00:20:25.542,774,600,366,598,373,4.59,4.57,1,1,696,438,-0.01,4.22,2.32,
2025-03-15 00:20:25.575,775,505,209,495,208,4.94,4.56,0,0,909,360,-3.9,3.53,1.37,
2025-03-15 00:20:25.608,776,679,364,676,362,2.84,2.65,0,0,1114,298,9.47,2.75,2.57,
2025-03-15 00:20:25.641,777,781,102,776,99,3.08,3.5,0,0,972,310,3.27,-1.07,-1.0,
2025-03-15 00:20:25.674,778,725,184,720,183,4.67,4.33,0,0,937,386,-1.84,0.04,0.02,
2025-03-15 00:20:25.707,779,728,381,735,387,4.82,5.28,0,0,982,791,-4.39,-0.36,-2.92,
2025-03-15 00:20:25.740,780,788,216,794,207,3.55,3.25,0,0,1014,571,4.62,-2.47,-2.96,
2025-03-15 00:20:25.773,781,649,320,650,315,2.63,2.87,0,0,725,581,-5.16,0.05,-1.56,
2025-03-15 00:20:25.806,782,776,253,771,247,2.6,2.65,0,0,762,122,-6.57,-4.7,-2.4,
2025-03-15 00:20:25.839,783,697,252,694,250,3.93,4.32,0,0,1068,659,0.6,-3.68,-1.44,
2025-03-15 00:20:25.872,784,569,111,577,105,3.48,3.54,0,0,758,208,-4.2,3.87,-1.94,
2025-03-15 00:20:25.905,785,611,232,610,239,2.57,2.61,0,0,1105,395,2.58,2.52,-2.83,
2025-03-15 00:20:25.938,786,503,392,493,401,3.96,3.65,0,0,1186,105,-7.64,-0.77,2.46,
2025-03-15 00:20:25.971,787,594,399,596,397,2.53,2.19,0,0,723,649,3.1,0.17,-2.95,
2025-03-15 00:20:26.004,788,651,327,657,333,4.47,4.88,0,0,1097,780,-4.33,-1.3,1.42,
2025-03-15 00:20:26.037,789,636,370,628,376,3.27,3.09,0,0,725,302,-10.0,2.41,-2.09,
2025-03-15 00:20:26.070,790,746,142,743,143,2.6,2.47,0,0,900,551,-7.46,2.84,2.47,
2025-03-15 00:20:26.103,791,742,120,745,116,3.97,4.23,0,0,564,343,8.67,2.63,2.36,
2025-03-15 00:20:26.136,792,530,206,522,198,3.49,3.33,0,0,972,426,7.35,2.23,0.92,
2025-03-15 00:20:26.169,793,539,216,544,215,4.93,5.39,0,0,1003,146,-5.33,-2.95,1.03,
2025-03-15 00:20:26.202,794,728,223,730,214,3.86,4.1,0,0,1197,690,5.57,-1.62,-2.97,
2025-03-15 00:20:26.235,795,535,380,544,372,3.19,3.29,0,0,854,721,2.17,-0.3,2.91,
2025-03-15 00:20:26.268,796,722,391,728,396,4.27,4.65,0,0,552,112,9.42,-1.69,2.27,
2025-03-15 00:20:26.301,797,505,302,507,293,3.18,2.73,0,0,1136,479,-2.53,2.55,2.37,
2025-03-15 00:20:26.334,798,719,150,714,149,4.76,4.52,0,0,526,464,3.63,-1.71,0.96,
2025-03-15 00:20:26.367,799,574,370,580,365,3.44,3.4,0,0,592,701,-8.73,-3.62,-0.93,
2025-03-15 00:20:26.400,800,503,376,506,376,3.87,3.6,0,0,1026,441,-2.08,-1.01,2.36,
2025-03-15 00:20:26.433,801,633,240,639,236,2.63,2.87,0,0,1173,320,9.28,4.8,-1.25,
2025-03-15 00:20:26.466,802,617,374,614,378,3.57,3.98,0,0,929,172,0.78,-2.74,0.38,
2025-03-15 00:20:26.499,803,593,389,593,384,4.58,4.5,0,0,409,724,-4.24,1.12,-2.4,
2025-03-15 00:20:26.532,804,561,151,570,160,4.51,4.36,0,0,491,145,-7.59,-0.67,2.53,
2025-03-15 00:20:26.565,805,693,126,683,124,3.06,3.52,0,0,538,603,4.07,-4.29,-2.16,
2025-03-15 00:20:26.598,806,702,256,698,265,3.07,3.01,1,1,880,373,2.9,-0.12,-1.65,
2025-03-15 00:20:26.631,807,525,338,531,339,4.54,4.53,0,0,848,654,-2.52,2.02,0.35,
2025-03-15 00:20:26.664,808,672,255,671,263,4.83,4.68,0,0,593,394,9.02,0.13,1.58,
2025-03-15 00:20:26.697,809,799,390,799,399,2.74,3.15,0,0,739,714,-9.56,3.72,0.72,
2025-03-15 00:20:26.730,810,632,235,630,227,3.63,3.69,0,0,451,223,-3.93,-2.11,-1.61,
2025-03-15 00:20:26.763,811,617,243,615,247,3.34,3.61,0,0,1106,109,8.42,-4.14,-2.99,
2025-03-15 00:20:26.796,812,774,205,768,196,4.68,4.99,0,0,865,428,-3.58,4.37,1.54,
2025-03-15 00:20:26.829,813,711,257,717,248,2.71,2.55,0,0,1117,286,-4.95,-1.22,2.91,
2025-03-15 00:20:26.862,814,724,245,722,237,3.03,2.96,0,0,1198,642,0.68,0.76,1.86,
2025-03-15 00:20:26.895,815,519,101,525,96,4.38,4.73,0,0,874,767,6.48,2.92,-0.24,
2025-03-15 00:20:26.928,816,612,176,620,180,2.63,2.49,0,0,800,159,-7.94,-1.76,2.42,
2025-03-15 00:20:26.961,817,639,231,635,230,3.73,4.03,0,0,838,541,8.86,2.16,-0.54,
2025-03-15 00:20:26.994,818,546,189,544,187,3.61,4.05,0,0,1004,316,5.9,-3.65,0.15,
2025-03-15 00:20:27.027,819,500,362,496,352,3.34,3.46,0,0,1056,101,-6.37,-2.09,-0.14,
2025-03-15 00:20:27.060,820,589,207,591,212,3.49,3.73,0,0,997,635,4.24,-3.55,-0.31,
2025-03-15 00:20:27.093,821,641,173,641,168,3.82,4.13,1,1,908,455,-2.3,3.11,1.65,
2025-03-15 00:20:27.126,822,537,138,540,136,2.9,3.25,0,0,552,725,-1.95,-2.77,0.16,
2025-03-15 00:20:27.159,823,792,258,800,251,3.93,3.83,0,0,913,766,5.67,2.17,-1.1,
2025-03-15 00:20:27.192,824,638,170,638,161,4.51,4.06,0,0,902,264,9.26,4.43,-1.45,
2025-03-15 00:20:27.225,825,758,340,760,333,4.4,4.3,0,0,1127,242,-7.47,0.28,-2.77,
2025-03-15 00:20:27.258,826,660,397,663,387,2.88,3.06,0,0,1075,266,-1.59,0.4,0.5,
2025-03-15 00:20:27.291,827,677,135,679,143,2.87,2.82,0,0,405,306,-0.38,-0.39,-1.62,
2025-03-15 00:20:27.324,828,509,183,499,182,3.17,3.42,0,0,899,381,-2.47,-1.74,-2.11,
2025-03-15 00:20:27.357,829,760,362,757,366,3.4,3.26,0,0,1060,164,-2.74,-0.24,0.92,
2025-03-15 00:20:27.390,830,637,271,638,279,3.52,3.66,0,0,1116,615,-8.95,1.03,1.09,
2025-03-15 00:20:27.423,831,671,272,679,277,4.2,3.89,0,0,517,256,3.71,4.86,1.51,
2025-03-15 00:20:27.456,832,512,146,513,139,2.64,2.89,0,0,884,405,-1.28,4.38,0.02,
2025-03-15 00:20:27.489,833,667,240,664,231,2.59,2.63,0,0,1000,494,-6.1,3.62,2.36,
2025-03-15 00:20:27.522,834,629,217,626,219,3.48,3.18,0,0,1065,173,6.32,3.89,2.62,
2025-03-15 00:20:27.555,835,583,376,585,366,4.24,4.03,0,0,1078,286,6.05,-0.32,1.84,
2025-03-15 00:20:27.588,836,600,313,601,319,2.98,3.23,0,0,867,673,-0.27,1.57,0.81,
2025-03-15 00:20:27.621,837,772,319,777,321,4.1,4.09,0,0,560,436,-4.03,3.95,-1.18,
2025-03-15 00:20:27.654,838,764,125,754,118,3.15,2.87,0,0,669,775,2.76,-1.07,2.9,
2025-03-15 00:20:27.687,839,537,108,539,104,4.72,5.18,1,1,455,667,-4.24,4.62,-1.36,
2025-03-15 00:20:27.720,840,593,370,589,376,4.74,4.95,0,0,627,722,-5.28,-0.84,-1.78,
2025-03-15 00:20:27.753,841,594,109,588,107,3.24,3.7,0,0,548,339,4.61,1.01,-0.35,
2025-03-15 00:20:27.786,842,568,220,565,213,3.07,3.0,0,0,445,632,-9.19,2.1,-2.66,
2025-03-15 00:20:27.819,843,735,224,738,232,3.53,3.5,0,0,636,336,-8.1,4.51,2.87,
2025-03-15 00:20:27.852,844,636,269,638,259,3.1,3.5,1,1,1149,364,-9.86,-2.55,0.53,
2025-03-15 00:20:27.885,845,575,171,579,170,4.18,4.21,0,0,1183,238,-6.94,2.46,0.34,
2025-03-15 00:20:27.918,846,534,251,540,244,4.57,4.77,0,0,1031,558,-8.62,0.21,0.93,
2025-03-15 00:20:27.951,847,500,307,504,305,4.18,3.93,0,0,739,169,9.92,-2.31,-0.02,
2025-03-15 00:20:27.984,848,795,148,804,150,4.56,4.51,0,0,812,484,-4.22,2.77,-2.81,
2025-03-15 00:20:28.017,849,559,253,566,256,3.49,3.12,0,0,1131,729,-7.01,0.52,0.67,
2025-03-15 00:20:28.050,850,766,392,773,391,2.89,2.6,0,0,919,297,-5.18,1.61,1.3,
2025-03-15 00:20:28.083,851,728,167,719,162,4.34,3.85,0,0,743,304,8.72,-1.77,-0.5,
2025-03-15 00:20:28.116,852,769,149,762,154,3.4,2.94,0,0,786,667,0.4,-0.19,1.54,
2025-03-15 00:20:28.149,853,785,251,775,246,4.18,4.66,0,0,872,786,-2.7,1.17,-1.64,
2025-03-15 00:20:28.182,854,790,118,783,124,3.18,2.92,0,0,674,739,7.47,-0.95,-1.67,
2025-03-15 00:20:28.215,855,712,199,719,198,2.7,2.87,0,0,752,530,-2.1,-3.02,-2.03,
2025-03-15 00:20:28.248,856,664,159,658,166,4.98,5.32,1,1,465,424,-3.3,4.62,-0.77,
2025-03-15 00:20:28.281,857,504,266,512,273,2.89,2.94,0,0,478,541,-5.85,0.11,2.08,
2025-03-15 00:20:28.314,858,577,301,581,293,4.97,4.62,0,0,997,387,-2.44,2.34,1.97,
2025-03-15 00:20:28.347,859,561,245,558,254,4.94,5.17,0,0,1035,325,-3.67,-0.89,-0.7,
2025-03-15 00:20:28.380,860,631,263,640,267,4.48,4.58,0,0,601,163,3.55,-1.45,0.53,
2025-03-15 00:20:28.413,861,588,341,594,345,4.15,4.38,0,0,985,743,-4.21,-0.93,1.32,
2025-03-15 00:20:28.446,862,736,168,726,161,3.94,4.21,0,0,957,597,1.54,-0.91,-1.55,
2025-03-15 00:20:28.479,863,541,274,542,272,4.67,5.14,0,0,512,159,-8.68,0.44,-1.99,
2025-03-15 00:20:28.512,864,588,148,596,156,3.22,3.3,0,0,490,496,-6.17,0.43,2.83,
2025-03-15 00:20:28.545,865,795,207,799,213,3.67,3.51,0,0,540,356,-1.85,-0.03,0.71,
2025-03-15 00:20:28.578,866,794,325,792,325,4.05,4.2,0,0,688,676,8.74,-3.65,2.89,
2025-03-15 00:20:28.611,867,603,260,599,258,3.53,3.1,1,1,1129,338,-2.45,-0.04,-0.97,
2025-03-15 00:20:28.644,868,513,218,504,217,3.57,3.97,0,0,988,137,3.28,-3.31,1.22,
2025-03-15 00:20:28.677,869,787,248,785,255,3.33,2.95,0,0,810,124,-4.9,-3.74,-1.66,
2025-03-15 00:20:28.710,870,678,249,677,258,3.91,3.74,0,0,776,509,-7.46,4.33,-1.43,
2025-03-15 00:20:28.743,871,624,392,615,394,4.63,4.94,0,0,783,560,-8.83,1.05,0.07,
2025-03-15 00:20:28.776,872,522,242,530,239,3.0,3.1,0,0,551,670,-3.89,1.59,-1.08,
2025-03-15 00:20:28.809,873,562,259,562,255,4.84,4.73,0,0,1150,516,-6.85,-0.98,-1.99,
2025-03-15 00:20:28.842,874,642,110,644,116,4.22,4.2,0,0,1026,456,-6.52,4.09,-1.42,
2025-03-15 00:20:28.875,875,652,237,651,241,4.56,4.91,0,0,718,482,5.22,1.38,-2.79,
2025-03-15 00:20:28.908,876,644,177,647,186,3.89,3.73,0,0,768,257,-9.68,2.69,1.23,
2025-03-15 00:20:28.941,877,724,176,731,180,4.45,4.82,0,0,1005,668,1.16,-1.31,-0.05,
2025-03-15 00:20:28.974,878,603,353,611,343,2.54,2.13,0,0,987,462,-2.41,4.6,-2.43,
2025-03-15 00:20:29.007,879,603,357,601,360,4.55,4.82,0,0,1102,147,0.13,3.2,-1.97,
2025-03-15 00:20:29.040,880,538,390,534,384,2.6,2.95,0,0,861,427,1.26,3.54,-2.38,
2025-03-15 00:20:29.073,881,697,362,689,362,4.72,4.41,0,0,411,532,-3.73,-3.28,0.68,
2025-03-15 00:20:29.106,882,633,184,642,189,4.98,4.91,0,0,555,530,-4.1,-2.29,-2.43,
2025-03-15 00:20:29.139,883,566,245,561,236,3.24,2.9,0,0,1083,155,4.67,-2.14,1.53,
2025-03-15 00:20:29.172,884,678,141,669,138,3.03,3.23,0,0,876,676,7.43,-2.29,-2.88,
2025-03-15 00:20:29.205,885,541,224,536,224,4.41,4.45,0,0,800,367,-6.15,3.55,-1.5,
2025-03-15 00:20:29.238,886,514,266,506,273,3.13,3.27,0,0,576,168,-8.05,-4.68,2.34,
2025-03-15 00:20:29.271,887,610,340,615,332,4.66,4.36,0,0,740,700,7.96,-4.24,1.31,
2025-03-15 00:20:29.304,888,656,379,653,369,2.76,2.47,0,0,456,548,-3.0,-2.26,-2.56,
2025-03-15 00:20:29.337,889,788,287,779,287,2.81,2.36,0,0,847,356,1.03,-3.0,1.93,
2025-03-15 00:20:29.370,890,730,118,736,123,4.95,4.77,0,0,602,771,-2.81,-2.68,-0.04,
2025-03-15 00:20:29.403,891,656,167,654,174,4.18,4.24,0,0,1096,589,-7.48,2.98,2.08,
2025-03-15 00:20:29.436,892,537,317,538,322,4.62,4.98,0,0,1032,742,1.79,0.63,0.6,
2025-03-15 00:20:29.469,893,596,201,588,200,3.31,3.48,0,0,1137,148,0.5,-4.94,1.09,
2025-03-15 00:20:29.502,894,788,141,788,148,4.19,4.13,0,0,601,758,-5.94,-0.71,2.96,
2025-03-15 00:20:29.535,895,753,387,743,382,3.99,4.44,0,0,729,415,-0.96,-0.92,-1.61,
2025-03-15 00:20:29.568,896,695,266,697,274,4.01,4.23,0,0,901,374,5.94,-3.86,0.74,
2025-03-15 00:20:29.601,897,585,208,589,201,4.21,4.64,0,0,853,533,1.81,1.76,-0.24,
2025-03-15 00:20:29.634,898,509,135,503,137,3.94,3.97,1,1,755,101,-8.06,2.02,-2.76,
2025-03-15 00:20:29.667,899,504,331,510,334,3.57,3.33,0,0,615,244,0.96,2.21,-2.91,
2025-03-15 00:20:29.700,900,622,328,617,320,3.19,2.74,0,0,954,465,4.05,2.28,-2.28,
2025-03-15 00:20:29.733,901,617,263,617,262,4.42,4.65,0,0,422,519,5.85,-5.0,0.89,
2025-03-15 00:20:29.766,902,793,172,800,167,3.07,2.69,0,0,554,672,2.58,4.54,0.4,
2025-03-15 00:20:29.799,903,658,235,651,225,4.23,4.03,0,0,585,660,-6.95,3.14,0.32,
2025-03-15 00:20:29.832,904,727,169,719,172,3.08,3.12,0,0,648,543,4.2,4.04,-2.81,
2025-03-15 00:20:29.865,905,715,295,717,292,4.06,4.13,1,1,1148,533,3.55,-4.84,-0.18,
2025-03-15 00:20:29.898,906,683,368,681,376,4.37,4.47,0,0,533,742,-9.51,4.34,2.55,
2025-03-15 00:20:29.931,907,514,148,509,151,3.05,2.71,0,0,720,654,-1.77,3.1,-0.61,
2025-03-15 00:20:29.964,908,656,229,657,228,2.65,2.53,0,0,789,156,-3.34,3.37,0.75,
2025-03-15 00:20:29.997,909,635,104,626,110,2.83,2.94,0,0,833,661,3.39,-4.07,1.68,
2025-03-15 00:20:30.030,910,760,126,752,124,4.01,4.48,0,0,421,277,-5.68,2.39,1.7,
2025-03-15 00:20:30.063,911,656,259,648,254,4.62,4.85,0,0,999,392,1.82,4.6,0.12,
2025-03-15 00:20:30.096,912,546,248,547,248,2.61,3.04,0,0,1064,145,8.26,1.79,2.15,
2025-03-15 00:20:30.129,913,672,363,676,359,4.34,4.6,0,0,484,134,5.96,0.71,-0.65,
2025-03-15 00:20:30.162,914,629,329,627,335,3.35,3.45,0,0,478,370,8.43,4.46,2.33,
2025-03-15 00:20:30.195,915,594,299,591,289,3.7,3.39,0,0,450,516,9.57,-0.57,-1.56,
2025-03-15 00:20:30.228,916,614,149,614,143,4.82,4.99,0,0,1127,238,-9.79,0.99,-1.32,
2025-03-15 00:20:30.261,917,742,166,747,164,3.33,3.45,0,0,575,346,2.45,-0.24,-2.68,
2025-03-15 00:20:30.294,918,791,399,784,406,3.66,3.77,0,0,652,247,-1.74,4.33,1.77,
2025-03-15 00:20:30.327,919,781,157,771,148,2.53,2.52,0,0,645,329,7.2,-4.24,-0.5,
2025-03-15 00:20:30.360,920,798,358,794,358,2.7,2.73,0,0,1138,736,-4.96,0.01,-1.63,
2025-03-15 00:20:30.393,921,782,229,773,224,3.15,2.98,0,0,505,473,9.62,1.87,-1.61,
2025-03-15 00:20:30.426,922,568,314,562,311,2.57,2.59,0,0,592,179,2.27,2.92,2.41,
2025-03-15 00:20:30.459,923,647,271,643,264,4.08,3.78,0,0,715,705,5.87,0.83,2.0,
2025-03-15 00:20:30.492,924,510,357,503,364,3.57,3.87,0,0,701,164,-8.29,4.09,0.32,
2025-03-15 00:20:30.525,925,753,201,747,201,3.87,3.56,0,0,947,187,-6.33,4.42,0.7,
2025-03-15 00:20:30.558,926,537,308,527,302,2.94,2.52,0,0,1115,187,5.17,-4.36,-0.15,
2025-03-15 00:20:30.591,927,633,390,623,394,3.24,3.18,0,0,1178,303,-9.56,-0.98,-0.65,
2025-03-15 00:20:30.624,928,699,385,703,392,4.16,4.32,1,1,667,481,6.34,-4.77,2.49,
2025-03-15 00:20:30.657,929,522,215,531,206,4.91,4.85,0,0,569,700,-9.72,-1.71,-2.25,
2025-03-15 00:20:30.690,930,717,363,725,363,2.63,2.4,0,0,950,575,3.14,0.37,-0.49,
2025-03-15 00:20:30.723,931,640,249,639,251,4.73,4.78,0,0,682,566,-2.7,4.11,-0.93,
2025-03-15 00:20:30.756,932,603,399,610,392,3.94,3.79,0,0,1050,705,2.23,3.47,-0.01,
2025-03-15 00:20:30.789,933,709,135,701,131,3.91,4.34,0,0,691,638,3.92,-3.73,-0.25,
2025-03-15 00:20:30.822,934,610,386,610,386,3.75,4.17,0,0,963,313,-3.15,-4.07,0.11,
2025-03-15 00:20:30.855,935,603,307,607,300,2.67,2.68,1,1,1198,173,-7.84,0.89,-2.16,
2025-03-15 00:20:30.888,936,670,205,670,209,2.72,2.55,0,0,540,160,-8.61,0.32,0.08,
2025-03-15 00:20:30.921,937,632,257,638,247,4.0,4.24,0,0,545,797,1.78,-2.34,-1.55,
2025-03-15 00:20:30.954,938,792,220,798,212,3.35,2.89,0,0,824,642,0.41,3.99,-1.89,
2025-03-15 00:20:30.987,939,626,154,621,157,4.79,4.77,0,0,713,318,4.84,4.27,-2.61,
2025-03-15 00:20:31.020,940,605,111,599,106,3.52,3.35,0,0,583,111,0.19,-0.97,1.58,
2025-03-15 00:20:31.053,941,591,244,588,251,2.86,3.28,0,0,1063,514,-1.55,3.9,-0.44,
2025-03-15 00:20:31.086,942,786,235,777,225,4.29,3.8,0,0,1112,131,-2.04,-1.16,0.76,
2025-03-15 00:20:31.119,943,550,102,555,97,3.23,3.29,0,0,527,259,-9.47,2.37,1.37,
2025-03-15 00:20:31.152,944,528,243,537,238,3.81,4.05,0,0,686,336,-3.29,-0.24,1.08,
2025-03-15 00:20:31.185,945,795,129,796,134,4.24,4.23,0,0,652,280,9.52,-3.77,-0.18,
2025-03-15 00:20:31.218,946,796,336,791,330,4.75,4.34,0,0,1177,657,7.47,4.28,-0.67,
2025-03-15 00:20:31.251,947,713,378,703,384,4.48,4.95,0,0,1099,440,-3.41,-0.46,-0.74,
2025-03-15 00:20:31.284,948,766,214,759,213,4.19,4.21,0,0,785,557,1.76,2.34,0.84,
2025-03-15 00:20:31.317,949,756,203,762,210,4.2,4.31,0,0,542,167,6.95,-1.33,-0.03,
